,Rookie Year,Name,rpts,rrebs,rasts,rstls,rblks,rmin,rgamp,rgams,rfg%,rft%,r3fg%,rWS/48,rBPM,rPER,rTS%,rVORP,pts,rebs,asts,stls,blks,fg%,ft%,3fg%,WS/48,BPM,PER,TS%,VORP,rtos,tos,Tier1,Tier2,Tier3,Tier4,Tier5
0,2010,Jeff Ayres,9.244444444,8.711111111,0.08888888889,0.6222222222,1.422222222,405,39,4,0.6615384615,0.9,0,0.156,-2.9,12.1,0.705,-0.1,14.14634146,10.14634146,1.463414634,0.5853658537,1.170731707,0.4841269841,0.9130434783,0.5,0.129,-2.9,14.5,0.533,-0.1,1.066666667,2.243902439,1,0,0,0,0
1,2010,Rodrigue Beaubois,20.41714286,4.011428571,3.805714286,1.491428571,0.6171428571,700,56,16,0.5183946488,0.8076923077,0.4090909091,0.134,1.3,18.5,0.617,0.6,11.86885246,3.737704918,5.508196721,1.245901639,0.262295082,0.3693181818,0.7894736842,0.2916666667,0.032,-3.3,10.6,0.47,-0.2,2.777142857,2.163934426,1,0,0,0,0
2,2010,DeJuan Blair,15.37349398,12.6746988,1.56626506,1.204819277,0.9397590361,1494,82,23,0.5555555556,0.5465838509,0,0.147,0.7,17.7,0.564,1,13.87544066,9.72972973,1.903642773,1.565217391,0.4230317274,0.5239852399,0.6285714286,0,0.126,-0.8,14.6,0.543,0.3,2.698795181,2.072855464,0,1,0,0,0
3,2010,DeMarre Carroll,9.464150943,6.79245283,1.494339623,1.267924528,0.4075471698,795,71,1,0.3963963964,0.6226415094,0,0.031,-4.1,8.5,0.426,-0.4,12.73447345,6.091809181,1.97659766,1.879387939,0.7776777678,0.4598765432,0.7653061224,0.2857142857,0.134,2,15.5,0.535,1.1,1.086792453,1.101710171,1,0,0,0,0
4,2010,Omri Casspi,14.76540653,6.50647333,1.771103055,1.006732263,0.316934231,1931,77,31,0.4464285714,0.6724137931,0.3694581281,0.063,-2.1,13,0.529,-0.1,12.38170974,8.159045726,2.003976143,1.789264414,0.8588469185,0.39375,0.5365853659,0.3289473684,0.064,-1.7,12.9,0.486,0,1.827032626,1.574552684,0,1,0,0,0
5,2010,Earl Clark,13.15926893,5.82767624,1.973890339,0.6579634465,1.221932115,383,51,0,0.3708609272,0.7222222222,0.4,-0.033,-6.9,8.5,0.42,-0.5,11.30447542,8.584005869,1.716801174,0.9508437271,1.162142333,0.4404145078,0.6973684211,0.3365384615,0.08,-0.9,12.4,0.51,0.4,2.161879896,1.637564197,0,1,0,0,0
6,2010,Darren Collison,16.14793741,3.277382646,7.374110953,1.3314367,0.06827880512,2109,76,37,0.4765525982,0.8505747126,0.4,0.067,-1.7,16.5,0.546,0.2,14.75210793,3.323777403,6.298482293,1.517706577,0.1214165261,0.4709944751,0.88,0.3529411765,0.114,0.2,16.3,0.575,1.3,3.448079659,2.625632378,0,0,1,0,0
7,2010,Dante Cunningham,12.37340877,8.147100424,0.7128712871,1.222065064,1.120226308,707,63,2,0.4953271028,0.6458333333,0,0.129,-1.9,14.3,0.517,0,12.44776119,7.307462687,1.2,1.504477612,0.6805970149,0.4679582712,0.6504854369,0,0.084,-0.9,13.3,0.485,0.5,0.7637906648,1.002985075,0,0,1,0,0
8,2010,Stephen Curry,17.39088398,4.425414365,5.867403315,1.889502762,0.2361878453,2896,80,77,0.4619422572,0.885,0.4368421053,0.077,1,16.3,0.568,2.2,21.55414013,3.789473684,6.504860878,1.520616829,0.1448206504,0.4510086455,0.9003436426,0.4533333333,0.18,5.4,21.3,0.589,5.6,3.020718232,2.896413007,0,0,0,1,0
9,2010,Austin Daye,13.73114754,6.845901639,1.337704918,0.9836065574,1.02295082,915,69,4,0.4644067797,0.8214285714,0.3052631579,0.067,-2.7,12.8,0.546,-0.2,13.7195122,6.585365854,2.304878049,0.987804878,1.536585366,0.4234234234,0.6875,0.3448275862,0.127,0.3,13.3,0.529,0.2,1.88852459,1.756097561,1,0,0,0,0
10,2010,DeMar DeRozan,14.32211538,4.824519231,1.146634615,0.9302884615,0.3894230769,1664,77,65,0.498046875,0.7628865979,0.25,0.066,-2.8,12.5,0.554,-0.3,17.74311318,3.823431796,2.43743777,0.9080650514,0.2867573847,0.4451665313,0.831381733,0.2833333333,0.075,-1.9,14.7,0.523,0,1.341346154,1.804181879,0,0,0,1,0
11,2010,Toney Douglas,15.9300828,3.576816927,3.709291628,1.390984361,0.09935602576,1087,56,12,0.4578005115,0.8088235294,0.3885714286,0.097,-0.8,14.9,0.571,0.3,15.73274918,3.548740416,3.667031763,1.577217963,0.07886089814,0.3948863636,0.8823529412,0.3765432099,0.081,-1.1,12.3,0.522,0.2,1.821527139,2.208105148,0,1,0,0,0
12,2010,Wayne Ellington,13.13583815,4.13583815,1.924855491,0.5202312139,0.1300578035,1384,76,1,0.4241071429,0.8714285714,0.3950617284,0.014,-4.8,9.6,0.527,-1,14.47309645,4.166497462,2.265989848,1.059898477,0.0730964467,0.4393939394,0.8983050847,0.3706293706,0.093,-1,13.9,0.556,0.2,1.924855491,1.206091371,0,1,0,0,0
13,2010,Tyreke Evans,19.49943967,5.110197983,5.567426223,1.465819948,0.3496451251,2677,72,72,0.4575107296,0.7483870968,0.2553191489,0.097,1.6,18.2,0.529,2.5,17.625,5.125,4.089285714,1.607142857,0.4821428571,0.4784313725,0.7749077491,0.3383458647,0.105,1.3,18.1,0.558,1.7,2.904744117,2.285714286,0,0,1,0,0
14,2010,Taj Gibson,12.00544465,9.980036298,1.143375681,0.8166969147,1.698729583,2204,82,70,0.4944356121,0.6457142857,0,0.103,-0.6,13.8,0.521,0.8,12.75668266,8.512679918,1.505140507,0.6662097327,2.220699109,0.485260771,0.679389313,0,0.109,-0.5,14.4,0.518,0.5,1.862068966,1.875257025,0,0,1,0,0
15,2010,James Harden,15.5972382,5.054085155,2.837744534,1.6570771,0.414269275,1738,76,0,0.4031141869,0.8083333333,0.375,0.124,1,14,0.551,1.3,24.39798995,4.570854271,5.487437186,1.712562814,0.4582914573,0.4375467464,0.851010101,0.3683127572,0.206,5.5,23,0.6,5.7,2.195627158,3.557788945,0,0,0,1,0
16,2010,Gerald Henderson,11.45915493,5.577464789,1.318309859,1.014084507,0.9126760563,355,43,0,0.3557692308,0.7446808511,0.2105263158,0.056,-4.7,9.7,0.453,-0.2,17.80590717,4.219409283,2.987341772,1.147679325,0.5738396624,0.4467836257,0.8242811502,0.33,0.073,-1.6,16.4,0.531,0.2,1.41971831,1.82278481,0,0,1,0,0
17,2010,Jrue Holiday,11.95925297,3.891341256,5.704584041,1.60950764,0.3667232598,1767,73,51,0.4423076923,0.7558139535,0.3899371069,0.032,-1.8,12.3,0.526,0.1,17.01572112,4.04784689,7.689678742,1.513328776,0.3937115516,0.4309006211,0.7520661157,0.3684210526,0.055,0.6,16.7,0.496,1.9,3.178268251,3.592617908,0,0,0,1,0
18,2010,Serge Ibaka,12.54421769,10.80272109,0.2721088435,0.6802721088,2.639455782,1323,73,0,0.5432432432,0.6304347826,0.5,0.134,-2.4,15.2,0.562,-0.1,15.2775543,8.934835076,0.6226870475,0.4054706356,3.504424779,0.5732647815,0.7486910995,0.350877193,0.181,2.1,19.4,0.612,2.6,1.850340136,1.810136766,0,0,0,1,0
19,2010,Brandon Jennings,17.11718458,3.800823662,6.334706103,1.4152003,0.2426057656,2671,82,82,0.3708881579,0.8168498168,0.3737113402,0.075,0.9,14.5,0.475,1.9,17.36002761,3.056955471,6.474283742,1.553331032,0.1242664826,0.3985565357,0.8185053381,0.3752711497,0.096,0.9,16.1,0.51,2.1,2.695619618,2.522609596,0,0,1,0,0
20,2010,Jonas Jerebko,11.9516129,7.709677419,0.935483871,1.274193548,0.4677419355,2232,80,73,0.4809286899,0.7102272727,0.3130434783,0.095,-0.2,13.9,0.545,1,15.21524664,7.466367713,1.735426009,1.533632287,0.3228699552,0.4493670886,0.7727272727,0.3012048193,0.107,-0.6,15.7,0.531,0.3,1.322580645,1.695067265,0,1,0,0,0
21,2010,James Johnson,12.17437252,6.087186262,2.282694848,0.998678996,2.044914135,757,65,11,0.4523809524,0.7285714286,0.3260869565,0.054,-2.1,10.4,0.532,0,11.3166287,5.945330296,2.378132118,1.681093394,2.050113895,0.4134275618,0.5970149254,0.09523809524,-0.028,-3,10.2,0.442,-0.2,2.948480845,2.788154897,0,1,0,0,0
22,2010,Ty Lawson,14.80424886,3.386949924,5.544764795,1.31107739,0.05462822458,1318,65,8,0.5153846154,0.7571428571,0.4096385542,0.135,0,16.4,0.6,0.7,17.41981695,2.836450458,7.177079188,1.532829288,0.1146040589,0.4613800206,0.7556270096,0.3663793103,0.141,1.4,17.9,0.549,2.2,2.239757208,2.60724234,0,0,1,0,0
23,2010,Wesley Matthews,13.67111111,3.395555556,2.204444444,1.137777778,0.2666666667,2025,82,48,0.4831858407,0.829015544,0.3818181818,0.108,-0.2,12.3,0.592,0.9,15.31086142,2.861423221,2.606741573,1.348314607,0.2696629213,0.4356435644,0.7967914439,0.3976470588,0.093,1.2,14.1,0.574,2,1.653333333,1.632958801,0,0,1,0,0
24,2010,Eric Maynor,9.854304636,3.61589404,7.350993377,1.072847682,0.3178807947,906,55,0,0.4340425532,0.6923076923,0.3617021277,0.079,-3.2,11.6,0.492,-0.3,9.57544757,1.657289003,6.721227621,0.9207161125,0,0.3130434783,0.8095238095,0.3260869565,-0.003,-8.4,7.5,0.419,-0.6,2.264900662,2.854219949,0,1,0,0,0
25,2010,Jodie Meeks,12.51851852,5.333333333,1.62962963,0.962962963,0.2962962963,486,41,0,0.3615819209,0.8571428571,0.2804878049,0.029,-4.6,8.4,0.454,-0.3,13.37823211,3.701743836,1.493686109,1.255562237,0.1082381239,0.3867924528,0.8958333333,0.3567251462,0.085,-0.9,11.4,0.54,0.5,1.481481481,1.125676488,0,1,0,0,0
26,2010,A.J. Price,17.06358382,3.662427746,4.411560694,1.456647399,0.1248554913,865,56,2,0.4096045198,0.8,0.3448275862,0.065,-1.8,14,0.53,0,12.42253521,3.211267606,5.774647887,0.9295774648,0.08450704225,0.3898305085,0.7903225806,0.35,0.084,-1.8,12.4,0.501,0.1,2.455491329,1.802816901,0,1,0,0,0
27,2010,Jeff Teague,11.41585535,3.354659249,6.108484006,1.702364395,0.5507649513,719,71,3,0.3964757709,0.8367346939,0.21875,0.042,-4.2,11,0.459,-0.4,15.97260274,2.465753425,7.931506849,1.602739726,0.3835616438,0.4507186858,0.8805309735,0.3588709677,0.111,-0.7,16.8,0.543,0.8,2.503477051,3.150684932,0,0,1,0,0
28,2010,Hasheem Thabeet,8.4801812,9.907134768,0.4484711212,0.6115515289,3.628539071,883,68,13,0.5877862595,0.5806451613,0,0.109,-0.4,12.9,0.605,0.4,7.480519481,9.116883117,0.5142857143,1.402597403,2.805194805,0.6037735849,0.6037735849,0,0.134,0.8,11.6,0.619,0.5,1.753114383,1.916883117,1,0,0,0,0
29,2010,Marcus Thornton,20.32692308,4.057692308,2.192307692,1.115384615,0.2115384615,1872,73,17,0.4507361268,0.813559322,0.3738019169,0.103,-0.4,17.4,0.55,0.8,19.10544612,3.775202781,1.898030127,1.27230591,0.08342989571,0.4289405685,0.880952381,0.3720316623,0.089,-0.7,16.3,0.552,0.6,1.461538462,1.418308227,0,1,0,0,0
30,2010,Sam Young,16.21498864,5.477668433,1.417108251,0.9265707797,0.5450416351,1321,80,1,0.4507042254,0.7771428571,0.1964285714,0.044,-4.4,13,0.518,-0.8,8.051948052,6.38961039,2.181818182,0.7792207792,0.4155844156,0.3918918919,0.5348837209,0.3076923077,0.062,-2.8,7.5,0.464,-0.1,2.561695685,1.714285714,0,1,0,0,0
31,2011,Al-Farouq Aminu,11.33057851,6.619834711,1.487603306,1.462809917,0.6198347107,1452,81,14,0.39408867,0.7731092437,0.3146853147,0.022,-3,9.6,0.499,-0.4,10.06943765,8.731540342,2.006845966,1.443520782,0.6689486553,0.4736842105,0.6642335766,0.2708333333,0.072,-0.3,13.2,0.516,0.9,2.553719008,1.549144254,0,0,1,0,0
32,2011,Ömer Aşık,8.335692619,11.13852376,1.164812942,0.728008089,2.038422649,989,82,0,0.5531914894,0.5034482759,0,0.13,-0.5,11.8,0.559,0.4,10.41322314,14.05785124,0.9297520661,0.520661157,1.376033058,0.5315789474,0.619047619,0,0.121,-2.4,14,0.57,-0.1,2.329625885,2.194214876,0,0,1,0,0
33,2011,Eric Bledsoe,10.61814231,4.360673547,5.65127648,1.799022271,0.5084193373,1841,81,25,0.4238683128,0.7443609023,0.275862069,0.008,-2,10.8,0.499,0,19.39830508,5.13559322,5.974576271,1.754237288,0.3559322034,0.476618705,0.7721518987,0.3571428571,0.14,2.9,19.6,0.578,1.8,3.79359044,3.63559322,0,0,1,0,0
34,2011,Trevor Booker,11.71777987,8.500470367,1.185324553,0.9821260583,1.422389464,1063,65,14,0.5494071146,0.6732673267,0,0.119,-0.7,15.3,0.582,0.3,11.3818416,8.785576304,1.483580167,0.9504185448,1.043142305,0.5508684864,0.6184210526,0,0.132,0.2,15,0.563,0.8,1.286923801,1.344494527,0,1,0,0,0
35,2011,Avery Bradley,11.55555556,3.777777778,2.666666667,2,0,162,31,0,0.3432835821,0.5,0,-0.139,-9.7,2.2,0.36,-0.3,17.2916442,4.385983827,1.649595687,1.222641509,0.2134770889,0.4375757576,0.8035714286,0.395,0.046,-2.5,12.7,0.51,-0.2,3.555555556,1.863072776,0,0,1,0,0
36,2011,DeMarcus Cousins,17.8207016,10.89822434,3.180597661,1.325249026,1.06019922,2309,81,62,0.4302788845,0.6865671642,0.1666666667,0.022,-1.4,14.6,0.484,0.4,25.2845953,13.01827676,3.242819843,1.707571802,1.425587467,0.4962216625,0.7260504202,0,0.166,4.7,26.1,0.555,3.9,4.178432222,3.932114883,0,0,0,1,0
37,2011,Ed Davis,11.25842697,10.38202247,0.8988764045,0.8764044944,1.505617978,1602,65,17,0.5764075067,0.5546875,0,0.119,0.3,15.8,0.583,0.9,13.44351464,9.790794979,1.016736402,0.640167364,1.619246862,0.5344827586,0.5280898876,0,0.129,-1.3,15.9,0.542,0.2,1.078651685,1.506276151,0,1,0,0,0
38,2011,Jeremy Evans,13.84017279,7.542116631,1.866090713,1.321814255,1.321814255,463,49,3,0.6608695652,0.7027027027,0,0.167,1.2,18.8,0.678,0.4,11.94044665,9.230769231,1.310173697,1.250620347,1.369727047,0.5271084337,0.68,0,0.112,-0.1,16.2,0.549,0.6,1.477321814,1.191066998,1,0,0,0,0
39,2011,Derrick Favors,11.64802933,9.800183318,0.6929422548,0.5939505041,1.352887259,1091,56,23,0.5108695652,0.6120689655,0,0.083,-2.7,12.6,0.54,-0.2,15.86551567,10.4189005,1.488414357,1.226715129,1.766469786,0.5220883534,0.6690140845,0,0.112,0.7,19,0.556,1.5,1.847846013,2.109950023,0,0,1,0,0
40,2011,Landry Fields,11.29161747,7.381345927,2.195985832,1.133412043,0.240850059,2541,82,81,0.4966777409,0.768707483,0.3926940639,0.1,0.6,13.5,0.598,1.7,7.602484472,6.596273292,2.236024845,1.118012422,0.3354037267,0.4029850746,0.6363636364,0,0.057,-2.9,8.6,0.443,-0.1,1.515938607,1.229813665,1,0,0,0,0
41,2011,Paul George,13.54624506,6.374703557,1.849802372,1.764426877,0.7399209486,1265,61,19,0.453164557,0.7623762376,0.2971014493,0.091,0,13,0.542,0.6,21.57763975,6.732919255,3.51552795,1.875776398,0.2732919255,0.4236417034,0.8642241379,0.364,0.178,4.7,20.1,0.555,4.9,1.992094862,2.782608696,0,0,0,0,1
42,2011,Blake Griffin,21.34318766,11.44087404,3.609254499,0.7287917738,0.5205655527,3112,82,82,0.5058139535,0.6417266187,0.2916666667,0.152,3.2,21.9,0.549,4,24.26825009,9.518686692,3.885434859,1.156828502,0.641285365,0.5283296542,0.7151335312,0.2727272727,0.205,4.6,23.9,0.583,4.8,2.579691517,2.816625917,0,0,0,0,1
43,2011,Gordon Hayward,11.4679803,4.108374384,2.39408867,0.8866995074,0.5615763547,1218,72,17,0.4846416382,0.7113402062,0.472972973,0.048,-2.8,10.7,0.578,-0.2,16.04571429,5.027142857,5.142857143,1.414285714,0.5142857143,0.4127906977,0.8162729659,0.3035714286,0.062,1,16.2,0.52,2.1,2.068965517,2.725714286,0,0,1,0,0
44,2011,Xavier Henry,11.27134725,2.527514231,1.229601518,0.7514231499,0.2049335863,527,38,16,0.40625,0.6346153846,0.1176470588,0.021,-6,7,0.451,-0.5,17.1277533,4.519823789,2.022026432,1.744493392,0.2775330396,0.4173913043,0.6553672316,0.3456790123,0.017,-3.6,12.3,0.511,-0.4,0.8880455408,2.259911894,0,1,0,0,0
45,2011,Wesley Johnson,12.33639439,4.175930401,2.575157081,1.00918318,0.9395843403,2069,79,63,0.3973607038,0.6956521739,0.3564013841,0.03,-1.6,10.2,0.491,0.2,11.49107143,5.592857143,1.992857143,1.382142857,1.2375,0.425499232,0.7922077922,0.36900369,0.041,0.2,11,0.522,1.2,1.65297245,1.446428571,0,0,1,0,0
46,2011,Greg Monroe,12.16741674,9.737173717,1.701170117,1.506750675,0.7290729073,2222,80,48,0.5509090909,0.6223175966,0,0.143,2.5,18,0.575,2.5,16.71524164,10.17100372,2.288475836,1.217843866,0.6289962825,0.4965517241,0.6566757493,0,0.106,0.3,18.1,0.531,1.6,1.312331233,2.221561338,0,0,1,0,0
47,2011,Timofey Mozgov,10.61135371,8.174672489,1.179039301,1.100436681,1.807860262,458,34,14,0.4642857143,0.7045454545,0,0.044,-3.6,10.3,0.514,-0.2,15.66101695,10.73898305,1.261016949,0.5491525424,2.033898305,0.5229357798,0.7538461538,0.1666666667,0.123,-0.5,16.7,0.584,0.7,2.515283843,2.481355932,0,1,0,0,0
48,2011,Gary Neal,16.72878338,4.187537092,2.051038576,0.5768545994,0.08545994065,1685,80,1,0.4509493671,0.8076923077,0.4188311688,0.099,-1.1,13.1,0.578,0.4,17.85172982,2.965403624,2.728171334,0.4151565074,0,0.3898916968,0.8333333333,0.3603603604,-0.012,-6.8,11.2,0.5,-0.7,1.666468843,2.313014827,0,1,0,0,0
49,2011,Patrick Patterson,13.60368664,8.294930876,1.700460829,0.7050691244,1.534562212,868,52,6,0.5580524345,0.7142857143,0,0.134,0.5,16.7,0.574,0.5,14.07155635,7.824686941,2.02862254,1.352415027,1.094812165,0.4768392371,0.7454545455,0.4107142857,0.147,2.8,16.2,0.559,1.4,1.285714286,1.577817531,0,1,0,0,0
50,2011,Nikola Peković,14.57046223,7.833145434,1.095828636,0.7305524239,1.420518602,887,65,11,0.5171102662,0.7631578947,0,0.035,-3.9,11.2,0.573,-0.4,20.43535779,10.13108839,1.082381239,0.6494287432,0.4978953698,0.5406562054,0.7469879518,0,0.169,0.2,20.7,0.582,0.9,3.693348365,1.818400481,0,0,1,0,0
51,2011,Kevin Séraphin,8.730708661,8.617322835,0.5669291339,0.9637795276,1.587401575,635,58,1,0.4489795918,0.7096774194,0,0.017,-4.5,8.4,0.479,-0.4,15.50865052,7.972318339,1.058823529,0.1868512111,1.619377163,0.5045454545,0.8709677419,0,0.066,-5.2,12.5,0.533,-0.5,2.381102362,2.553633218,0,1,0,0,0
52,2011,Tiago Splitter,13.56097561,9.804878049,1.268292683,1.414634146,0.8292682927,738,60,6,0.5287958115,0.5428571429,0,0.149,-0.7,16,0.55,0.2,13.68056648,10.28166798,2.549173879,0.8214004721,0.8780487805,0.5231213873,0.6994219653,0,0.163,1.9,16.5,0.572,1.3,1.56097561,2.124311566,0,0,1,0,0
53,2011,Evan Turner,11.31886477,6.130217028,3.185308848,0.9816360601,0.2804674457,1797,78,14,0.4253308129,0.808,0.3181818182,0.06,-2.4,10.8,0.484,-0.2,17.92364793,6.146341463,3.779427359,1.06892895,0.09544008484,0.4283995187,0.8289473684,0.2878787879,0.017,-3.8,13.2,0.504,-0.9,1.602671119,2.95864263,0,0,1,0,0
54,2011,Ekpe Udoh,8.248543689,6.326213592,1.398058252,0.7689320388,3.005825243,1030,58,18,0.4369369369,0.65625,0,0.032,-2,9.7,0.472,0,6.447761194,6.626865672,1.388059701,0.671641791,1.970149254,0.3986013986,0.6382978723,0,0,-3.5,7.6,0.44,-0.3,1.677669903,1.701492537,0,1,0,0,0
55,2011,Greivis Vásquez,10.42325581,3.055813953,6.320930233,0.9209302326,0.1674418605,860,70,1,0.4077253219,0.7727272727,0.2906976744,0.03,-4.6,9.4,0.493,-0.6,15.94520548,3.808219178,6.246575342,0.6849315068,0.1095890411,0.4173228346,0.8552631579,0.3891213389,0.096,-0.8,14.2,0.537,0.4,2.930232558,2.767123288,0,0,1,0,0
56,2011,John Wall,15.62394474,4.379125096,7.929393707,1.671527245,0.4834996163,2606,69,64,0.4094650206,0.7659033079,0.2956521739,0.041,-0.2,15.8,0.494,1.2,19.12348993,4.022818792,8.710067114,1.8,0.4832214765,0.4330590875,0.8045685279,0.3506493506,0.128,2.6,19.5,0.524,3.4,3.60552571,3.563758389,0,0,0,1,0
57,2012,Lavoy Allen,9.75,9.865384615,1.961538462,0.75,1.038461538,624,41,15,0.4730538922,0.7857142857,0,0.124,-1.3,12.7,0.488,0.1,10.59813084,10.86728972,2.456074766,0.5046728972,1.413084112,0.4715719064,0.7021276596,0,0.127,0.8,14.9,0.493,0.8,1.153846154,1.345794393,0,1,0,0,0
58,2012,Bismack Biyombo,8.090721649,9.105154639,0.6680412371,0.4948453608,2.845360825,1455,63,41,0.464028777,0.4825174825,0,0.019,-3.9,10.6,0.48,-0.7,8.804505229,11.78761062,0.4633950121,0.5213193886,2.867256637,0.5430107527,0.5828571429,0,0.156,-0.4,15.2,0.578,0.5,1.756701031,1.506033789,0,1,0,0,0
59,2012,Jimmy Butler,10.93036212,5.615598886,1.403899721,1.103064067,0.5013927577,359,42,0,0.4050632911,0.7678571429,0.1818181818,0.144,-1.3,12.5,0.526,0.1,18.63748508,5.42936729,3.037007561,1.633107839,0.515718265,0.461622807,0.8336933045,0.378238342,0.214,4.7,21.3,0.583,4.2,1.403899721,1.332272185,0,0,0,1,0
60,2012,Norris Cole,12.6,2.6,3.8,1.257142857,0.05714285714,1260,65,2,0.3933333333,0.7764705882,0.2763157895,0,-5.9,7.9,0.452,-1.2,9.25087108,3.386759582,5.174216028,1.317073171,0.2508710801,0.385620915,0.6956521739,0.2647058824,0.027,-2.9,9.9,0.452,-0.3,3,1.818815331,0,1,0,0,0
61,2012,Kenneth Faried,16.35101254,12.219865,1.24975892,1.180327869,1.631629701,1037,46,39,0.5857605178,0.6646341463,0,0.212,3.4,21.9,0.618,1.4,16.32598274,11.5282838,1.535953979,1.069990412,0.9837008629,0.5067934783,0.6909722222,0.125,0.13,0.8,18.4,0.548,1.4,1.87463838,2.036433365,0,0,1,0,0
62,2012,Jimmer Fredette,14.65374449,2.315418502,3.425550661,0.9515418502,0.09515418502,1135,61,7,0.3856502242,0.8333333333,0.3611111111,0.012,-4.4,10.8,0.495,-0.7,12.58939096,2.829076621,4.1021611,1.060903733,0.141453831,0.3795180723,0.9555555556,0.1875,0.021,-5.5,9.8,0.479,-0.4,2.125110132,2.333988212,1,0,0,0,0
63,2012,Tobias Harris,15.63256785,7.590814196,1.653444676,0.9770354906,0.5260960334,479,42,9,0.4674556213,0.8148148148,0.2608695652,0.087,-3.5,14.2,0.54,-0.2,17.68847615,6.534402702,1.884339384,1.048543689,0.5470662727,0.4657534247,0.787755102,0.3640167364,0.098,-0.3,16.7,0.551,1,2.329853862,1.747572816,0,0,1,0,0
64,2012,Kyrie Irving,21.81258023,4.413350449,6.354300385,1.24775353,0.4621309371,1558,51,51,0.46854083,0.8724489796,0.3989071038,0.125,3.3,21.4,0.566,2.1,21.46813187,3.125274725,5.12967033,1.503296703,0.2637362637,0.4680161943,0.8630136986,0.4153439153,0.183,3.3,21.5,0.583,3.7,3.697047497,2.452747253,0,0,0,0,1
65,2012,Reggie Jackson,10.05988024,3.808383234,5.101796407,1.796407186,0.07185628743,501,45,0,0.320754717,0.8620689655,0.2096774194,0.011,-3.9,9.2,0.408,-0.2,16.50643777,5.175965665,5.510729614,1.081545064,0.1287553648,0.4322916667,0.8608695652,0.2784810127,0.101,-0.4,15.6,0.511,0.6,2.586826347,2.343347639,0,0,1,0,0
66,2012,Enes Kanter,12.52173913,11.45080092,0.3295194508,0.7414187643,0.9473684211,874,66,0,0.4957627119,0.6666666667,0,0.095,-4.7,14.5,0.539,-0.6,18.40723982,10.42533937,0.7058823529,0.6244343891,0.4343891403,0.4914089347,0.7881355932,0.3170731707,0.099,-4.1,17.5,0.535,-0.7,2.224256293,2.524886878,0,0,1,0,0
67,2012,Brandon Knight,14.322217,3.56787224,4.244246125,0.8285580085,0.1690934711,2129,66,60,0.4148244473,0.7591240876,0.3804347826,0.029,-1.9,11.7,0.511,0,19.68483412,4.713270142,5.992890995,1.791469194,0.191943128,0.4348993289,0.881443299,0.4094488189,0.124,2.2,18.5,0.556,1.8,2.891498356,3.54028436,0,0,1,0,0
68,2012,Kawhi Leonard,11.89830508,7.674054759,1.642764016,1.994784876,0.5632333768,1534,64,39,0.4925742574,0.7727272727,0.376146789,0.171,4.3,16.6,0.573,2.4,18.71716675,8.16330546,2.850959174,2.620757501,0.8499754058,0.4793187348,0.8015873016,0.3489583333,0.204,6.1,22,0.567,4.1,1.032594524,1.717658633,0,0,0,1,0
69,2012,Jon Leuer,14.14054054,7.783783784,1.621621622,0.9081081081,1.102702703,555,46,12,0.5078534031,0.75,0.3333333333,0.122,-1.4,15.3,0.536,0.1,12.49514563,9.04368932,2.009708738,0.7427184466,0.3932038835,0.4432234432,0.6271186441,0.2413793103,0.078,-3.1,11.9,0.478,-0.2,1.167567568,1.529126214,0,1,0,0,0
70,2012,Shelvin Mack,10.62901155,4.251604621,6.053915276,1.293966624,0.09242618742,779,64,0,0.4,0.7118644068,0.2857142857,0.042,-3.9,11.9,0.468,-0.4,12.92196879,3.414165666,6.698679472,1.296518607,0.08643457383,0.4006849315,0.8064516129,0.3149606299,0.075,-3.1,13.2,0.489,-0.2,2.218228498,2.117647059,0,1,0,0,0
71,2012,E'Twaun Moore,11.96374622,3.589123867,3.697885196,1.196374622,0.3262839879,331,38,0,0.3805309735,1,0.3777777778,0.031,-3.5,8.8,0.474,-0.1,10.64285714,3.285714286,2.357142857,1.428571429,0.4285714286,0.4460431655,0.6,0.3421052632,0.08,-2.5,10.3,0.504,-0.1,2.283987915,1,1,0,0,0,0
72,2012,Markieff Morris,13.70171149,8.185819071,1.907090465,1.202933985,1.232273839,1227,63,7,0.3990825688,0.7169811321,0.3467741935,0.059,-0.6,12.1,0.484,0.4,17.54668733,7.057729562,2.678031771,1.408756296,0.5439752034,0.4654545455,0.7629310345,0.3184357542,0.085,-0.2,15.8,0.523,1.2,2.053789731,2.371173964,0,0,1,0,0
73,2012,Chandler Parsons,11.95343681,5.986696231,2.67405765,1.456762749,0.578713969,1804,63,57,0.4517304189,0.5512820513,0.3370786517,0.09,1.7,13.3,0.513,1.7,17.07776761,5.319304666,2.651418115,1.136322049,0.3129002745,0.4620024125,0.7202072539,0.3804034582,0.121,2.5,16.3,0.567,2.5,1.616407982,1.580969808,0,0,1,0,0
74,2012,Iman Shumpert,11.88739003,3.927272727,3.462756598,2.13255132,0.168914956,1705,59,35,0.4007490637,0.7981651376,0.3057324841,0.068,0.1,10.8,0.484,0.9,10.64347826,5.595652174,2.230434783,1.995652174,0.5086956522,0.41015625,0.6666666667,0.3384615385,0.065,0.6,11.1,0.508,0.6,2.343695015,1.917391304,0,1,0,0,0
75,2012,Isaiah Thomas,16.2826087,3.652173913,5.782608696,1.152173913,0.1739130435,1656,65,37,0.4483362522,0.8324324324,0.3789954338,0.124,0.5,17.6,0.574,1.1,21.36833192,3.322607959,5.212531753,1.371718882,0.1524132091,0.42578125,0.8720379147,0.3913043478,0.162,1.5,19.7,0.579,1,2.282608696,2.712955123,0,0,1,0,0
76,2012,Lance Thomas,9.485714286,7.2,0.6857142857,0.5714285714,0.4,630,42,10,0.4523809524,0.8387096774,0,0.088,-3.6,10.1,0.541,-0.3,11.42307692,4.153846154,1.696153846,0.9,0.2769230769,0.4335443038,0.7424242424,0.3333333333,-0.022,-5.7,8.6,0.478,-1,1.371428571,1.973076923,0,1,0,0,0
77,2012,Klay Thompson,18.49253731,3.604477612,2.97761194,1.097014925,0.447761194,1608,66,29,0.4428969359,0.8681318681,0.4141791045,0.05,-1.9,14.9,0.545,0.1,24.45947047,3.621995927,3.255397149,1.275763747,0.8798370672,0.4634334103,0.87890625,0.4385321101,0.172,2.7,20.8,0.591,2.9,2.305970149,2.184928717,0,0,0,1,0
78,2012,Tristan Thompson,12.48876404,9.834269663,0.6825842697,0.6825842697,1.56741573,1424,60,25,0.4389140271,0.5520833333,0,0.038,-4.2,13.3,0.469,-0.8,11.37101185,10.78030994,0.6399270738,0.5578851413,1.000911577,0.5471311475,0.6411290323,0,0.148,-0.6,15.6,0.58,0.8,2.047752809,1.36189608,0,1,0,0,0
79,2012,Nikola Vučević,12.54679803,10.90640394,1.374384236,0.8866995074,1.507389163,812,51,15,0.4501718213,0.5294117647,0.375,0.109,-2.1,14.3,0.462,0,20.32740214,11.53024911,2.09252669,0.768683274,0.768683274,0.5232172471,0.752293578,0.3333333333,0.133,0.5,21.5,0.548,1.6,1.463054187,2.106761566,0,0,1,0,0
80,2012,Kemba Walker,16.05133929,4.700892857,5.805803571,1.205357143,0.4017857143,1792,66,25,0.3663624511,0.7887323944,0.3053097345,0.009,-1.2,14.9,0.464,0.3,18.26333176,3.737612081,5.402548372,1.512033978,0.5266635205,0.3853211009,0.8268551237,0.3035714286,0.101,2.2,17.6,0.486,2.3,2.390625,1.698914582,0,0,1,0,0
81,2012,Derrick Williams,14.80112835,7.895627645,0.9647390691,0.7616361072,0.7870239774,1418,66,15,0.4116465863,0.6974358974,0.268115942,0.059,-3.1,12.9,0.499,-0.4,15.19288646,4.974008208,1.23119015,0.8372093023,0.09849521204,0.4474226804,0.6836734694,0.3141025641,0.069,-3.2,12.8,0.54,-0.5,1.954866008,1.378932969,0,1,0,0,0
82,2013,Harrison Barnes,13.0845481,5.825072886,1.714285714,0.9096209913,0.2448979592,2058,81,81,0.4394904459,0.7578947368,0.3586206897,0.065,-2.4,11,0.526,-0.2,13.64544564,5.729676787,2.062683643,0.722820764,0.1762977473,0.4660347551,0.7611940299,0.3831775701,0.116,-0.2,12.3,0.559,0.9,1.766763848,1.00489716,0,0,1,0,0
83,2013,Will Barton,11.87919463,5.838926174,2.33557047,1.369127517,0.3624161074,894,73,5,0.3818770227,0.7692307692,0.1384615385,-0.028,-5.7,9.1,0.437,-0.8,18.02294943,7.282617935,3.105822354,1.086272843,0.5966850829,0.4323499491,0.8059701493,0.3446153846,0.088,-0.1,16,0.535,1.1,2.416107383,2.126646834,0,0,1,0,0
84,2013,Kent Bazemore,16.58426966,2.966292135,2.966292135,2.292134831,0.5393258427,267,61,0,0.3706896552,0.6136363636,0.2941176471,0.014,-4.9,11.3,0.454,-0.2,15.07057129,6.550168027,2.955352856,1.693710994,0.6567450792,0.4413793103,0.8145695364,0.3573770492,0.094,0.3,13.4,0.551,1.2,2.426966292,2.385021603,0,0,1,0,0
85,2013,Bradley Beal,16.09169054,4.353008596,2.826361032,1.031518625,0.5982808023,1745,56,46,0.4104803493,0.786163522,0.3855932203,0.082,-0.1,13.6,0.515,0.9,20.19203747,3.962529274,3.414519906,1.138173302,0.2318501171,0.4493116395,0.7670454545,0.3874538745,0.076,-0.6,15.5,0.547,0.6,1.856733524,2.360655738,0,0,0,1,0
86,2013,Patrick Beverley,11.51192146,5.503506311,5.90743338,1.868162693,1.060308555,713,41,0,0.417989418,0.8292682927,0.375,0.148,3.4,15.4,0.551,1,12.34688878,4.409603136,4.215580598,1.658010779,0.4585987261,0.4343434343,0.6818181818,0.4,0.102,1.1,13,0.553,1.6,2.221598878,1.605095541,0,0,1,0,0
87,2013,Jae Crowder,10.43015521,4.975609756,2.501108647,1.676274945,0.4523281596,1353,78,16,0.3841961853,0.6438356164,0.328125,0.055,-0.5,10.2,0.491,0.5,16.19064125,5.818024263,2.105719237,1.965337955,0.5459272097,0.442804428,0.820083682,0.3360881543,0.152,2.8,15.8,0.565,2.8,1.303769401,1.294627383,0,0,1,0,0
88,2013,Anthony Davis,16.90790899,10.17984832,1.228602384,1.462621885,2.184182015,1846,64,60,0.5162721893,0.7511111111,0,0.159,2.3,21.7,0.559,2,24.63770795,10.43068392,1.929759704,1.297597043,2.07948244,0.4929577465,0.7581395349,0.3240740741,0.16,2.2,25,0.559,2.3,1.735644637,2.012939002,0,0,0,0,1
89,2013,Andre Drummond,13.78600161,13.23572003,0.8688656476,1.708769107,2.751407884,1243,60,10,0.6081871345,0.3710691824,0.5,0.172,2.4,21.6,0.578,1.4,17.74343586,16.17704426,0.9047261815,1.606901725,1.512378095,0.520754717,0.3549488055,0.3333333333,0.133,-0.5,21.2,0.499,1,1.65084473,2.093023256,0,0,0,1,0
90,2013,Festus Ezeli,6.139285714,10.06071429,0.7071428571,0.7392857143,2.378571429,1120,78,41,0.4378698225,0.5308641975,0,0.066,-1.4,9.3,0.467,0.2,14.96103896,12.01558442,1.496103896,0.8415584416,2.337662338,0.548245614,0.5303030303,0,0.171,-0.1,17.7,0.559,0.4,2.025,1.776623377,0,1,0,0,0
91,2013,Evan Fournier,16.99065421,2.943925234,3.700934579,1.598130841,0.08411214953,428,38,4,0.4934210526,0.7692307692,0.4074074074,0.115,-0.9,13.8,0.597,0.1,17.01792673,3.156664069,2.988308652,1.346843336,0.02805923617,0.4617868676,0.8361344538,0.4,0.106,0.7,14.6,0.587,1.7,2.691588785,1.865939205,0,0,1,0,0
92,2013,Draymond Green,7.702167766,8.821866164,1.798303487,1.425070688,0.8482563619,1061,79,1,0.326848249,0.8181818182,0.2089552239,0.028,-3.1,7.1,0.404,-0.3,14.5,9.858974359,7.666666667,1.525641026,1.448717949,0.4896214896,0.6960486322,0.3875968992,0.19,5.8,19.3,0.587,5.5,1.730442978,3.320512821,0,0,0,0,1
93,2013,Maurice Harkless,11.39817629,6.109422492,0.9118541033,1.604863222,1.130699088,1974,76,59,0.4609929078,0.5703125,0.2735042735,0.059,-1,12.5,0.504,0.5,12.30473576,6.918325326,1.655456417,1.210706932,0.8647906658,0.4744525547,0.6216216216,0.2785714286,0.096,-0.2,13.3,0.541,0.7,1.258358663,1.531914894,0,1,0,0,0
94,2013,John Henson,16.54171705,12.9286578,1.349455865,0.8270858525,1.828295042,827,63,9,0.4821428571,0.5333333333,0,0.109,-2.9,18.2,0.497,-0.2,14.8875,8.2875,2.025,0.675,4.0875,0.5635738832,0.5897435897,0,0.117,1.6,18.6,0.58,0.9,2.045949214,2.4,0,1,0,0,0
95,2013,Chris Johnson,14.83098592,7.605633803,1.014084507,0.8873239437,3.549295775,284,30,0,0.64,0.6176470588,0,0.176,1.9,18.4,0.65,0.3,8.611435239,5.544924154,1.890315053,1.344224037,0.8401400233,0.3711340206,0.8095238095,0.2727272727,0.059,-1.4,8.2,0.482,0.1,1.647887324,1.680280047,1,0,0,0,0
96,2013,Meyers Leonard,11.25373134,7.611940299,0.9850746269,0.328358209,1.134328358,1206,69,9,0.5451263538,0.808988764,0.4285714286,0.097,-2.6,12.1,0.596,-0.2,13.80045011,8.48012003,2.484621155,0.2160540135,0.4861215304,0.4482758621,0.7608695652,0.3771929825,0.078,-1.5,11.3,0.561,0.2,1.462686567,2.07951988,0,1,0,0,0
97,2013,Damian Lillard,17.75560467,2.921376697,6.035996211,0.8411746132,0.2159772656,3167,82,82,0.4293478261,0.8442367601,0.3677932406,0.088,0.3,16.4,0.546,1.9,25.27802691,4.062780269,6.887892377,0.8744394619,0.3766816143,0.4192672999,0.8922413793,0.3754098361,0.165,3.7,22.2,0.56,3.8,2.762235554,3.255605381,0,0,0,1,0
98,2013,Kendall Marshall,7.333333333,2.153846154,7.333333333,1.128205128,0.2051282051,702,48,3,0.3708609272,0.5714285714,0.3150684932,-0.012,-7.3,7.8,0.455,-0.9,9.99,2.52,6.57,1.44,0.18,0.3644067797,0.6923076923,0.3265306122,-0.064,-8.8,6.7,0.449,-0.7,2.923076923,3.87,1,0,0,0,0
99,2013,Donatas Motiejūnas,16.72862454,6.223048327,2.074349442,0.468401487,0.6691449814,538,44,14,0.455399061,0.6274509804,0.2891566265,0.061,-2.9,12.2,0.531,-0.1,15.13711152,7.173674589,2.698354662,1.118829982,0.3290676417,0.4390243902,0.641509434,0.2807017544,0.026,-4.3,11.3,0.504,-0.3,2.475836431,2.895795247,0,1,0,0,0
100,2013,Andrew Nicholson,16.91913531,7.436349079,1.268214572,0.6917534027,0.9223378703,1249,75,28,0.5267489712,0.7978723404,0,0.065,-4.4,15.1,0.557,-0.8,16.79708384,8.792223572,1.093560146,0.4374240583,0.9623329283,0.4709677419,0.7846153846,0.3596491228,0.092,-3.7,14.8,0.567,-0.4,2.277021617,1.793438639,0,1,0,0,0
101,2013,Kyle O'Quinn,13.09090909,11.79310345,2.934169279,0.6206896552,1.467084639,638,57,5,0.5126903553,0.6666666667,0,0.107,-0.9,15.8,0.535,0.2,14.56020942,11.78010471,3.392670157,0.942408377,2.308900524,0.4760147601,0.7666666667,0.2272727273,0.103,0.7,17.5,0.52,0.5,2.087774295,2.87434555,1,0,0,0,0
102,2013,Pablo Prigioni,7.83847981,4.076009501,6.726840855,1.966745843,0.05700712589,1263,78,18,0.4545454545,0.88,0.3955223881,0.123,0.6,13,0.595,0.8,6.342648846,4.986634265,5.686512758,2.318347509,0.04374240583,0.3741496599,0.875,0.2947368421,0.087,0.4,10.2,0.482,0.5,2.451306413,2.143377886,0,1,0,0,0
103,2013,Austin Rivers,9.57122708,2.767277856,3.22425952,0.6600846262,0.2284908322,1418,61,26,0.3717948718,0.5462962963,0.3255813953,-0.038,-5.6,5.9,0.431,-1.3,14.58196721,3.196721311,2.43442623,1.180327869,0.2213114754,0.4379844961,0.6810344828,0.3351351351,0.063,-2.2,11.1,0.523,-0.1,1.878702398,1.5,0,1,0,0,0
104,2013,Brian Roberts,15.09063444,2.637462236,5.954682779,1.006042296,0.08157099698,1324,78,5,0.4168297456,0.9090909091,0.385620915,0.078,-2.5,14.6,0.509,-0.2,15.67567568,3.135135135,4.108108108,0.7567567568,0.1081081081,0.4434782609,0.9189189189,0.3333333333,0.108,-3.8,13.9,0.552,-0.2,1.930513595,1.72972973,0,1,0,0,0
105,2013,Thomas Robinson,10.99134734,10.5908529,1.60197775,1.112484549,0.934487021,809,51,0,0.4238683128,0.5774647887,0,-0.01,-4.8,10.6,0.45,-0.6,12.0523446,14.09378408,1.805888768,1.531079607,1.413304253,0.4467353952,0.4311926606,0,0.033,-2.9,14.5,0.453,-0.2,2.892459827,2.708833152,0,1,0,0,0
106,2013,Terrence Ross,13.56900726,4.18401937,1.539951574,1.249394673,0.406779661,1239,73,2,0.4070021882,0.7142857143,0.3316326531,0.034,-2.9,10.4,0.491,-0.3,14.83686319,3.812249571,1.153978248,1.11276474,0.5151688609,0.4313099042,0.7903225806,0.3864306785,0.1,-0.2,12.9,0.551,0.8,1.394673123,0.9479107041,0,1,0,0,0
107,2013,Mike Scott,17.5212766,10.53191489,1.14893617,0.3829787234,0.1914893617,376,40,1,0.4761904762,0.7678571429,0,0.11,-6.4,16.3,0.533,-0.4,14.57591623,6.471204188,2.45026178,0.7853403141,0.5340314136,0.4680851064,0.7936507937,0.3924050633,0.132,-0.6,14,0.575,0.4,2.010638298,1.319371728,0,1,0,0,0
108,2013,Kyle Singler,11.3039686,5.180985608,1.208896642,0.8948975142,0.5808983864,2293,82,74,0.4283489097,0.8064516129,0.35,0.048,-1.9,10,0.517,0.1,8.511770727,5.195496418,0.8843398158,1.10542477,0.3316274309,0.3891402715,0.6590909091,0.3092783505,0.054,-2.5,6.6,0.481,-0.1,1.538595726,1.179119754,0,1,0,0,0
109,2013,Jared Sullinger,10.89686099,10.65470852,1.412556054,0.8878923767,0.8878923767,892,45,5,0.4933333333,0.746031746,0.2,0.146,-0.6,13.5,0.534,0.3,15.67832898,12.65169713,3.5154047,1.409921671,0.8835509138,0.435483871,0.6397515528,0.2815533981,0.121,1.1,16.7,0.476,1.5,1.170403587,1.917493473,0,0,1,0,0
110,2013,Mirza Teletović,13.56312625,6.853707415,1.659318637,0.9378757515,0.5771543086,499,53,0,0.3837837838,0.8181818182,0.3425925926,0.087,-1.1,12.3,0.495,0.1,20.60498221,6.448398577,1.900355872,0.6832740214,0.4483985765,0.4272844273,0.7741935484,0.3934782609,0.109,-0.5,16.2,0.571,0.7,1.442885772,1.793594306,0,1,0,0,0
111,2013,Jonas Valančiūnas,13.45748988,9.036437247,1.093117409,0.4129554656,1.894736842,1482,62,57,0.5573770492,0.7891891892,0,0.127,-0.5,15.6,0.619,0.6,17.75722543,12.64739884,0.9710982659,0.5780346821,1.849710983,0.5652985075,0.7605633803,0,0.211,1.1,22.6,0.61,1.2,2.28340081,1.965317919,0,0,1,0,0
112,2013,Dion Waiters,18.32801822,3.054669704,3.751708428,1.209567198,0.3280182232,1756,61,48,0.4122699387,0.7464788732,0.3103448276,0.026,-3.2,13.7,0.492,-0.5,12.7472119,3.379182156,2.576208178,1.355018587,0.250929368,0.3994334278,0.7133757962,0.3583333333,0.046,-2.1,9.4,0.492,-0.1,2.480637813,2.007434944,0,0,1,0,0
113,2013,Tyler Zeller,10.80177078,7.756025578,1.699950812,0.6197737334,1.239547467,2033,77,55,0.4382826476,0.7643312102,0,0.048,-2.3,11,0.486,-0.1,18.45633803,9.025352113,1.470422535,0.5070422535,1.115492958,0.475862069,0.8148148148,0,0.114,-4.4,15.4,0.539,-0.4,1.682242991,2.332394366,1,0,0,0,0
114,2014,Steven Adams,7.969924812,9.984962406,1.293233083,1.203007519,1.714285714,1197,81,20,0.5027027027,0.5808823529,0,0.114,0.3,11.2,0.541,0.7,13.63750523,9.237337798,1.295939724,1.341146923,1.175387191,0.5709923664,0.6108949416,0,0.13,0.6,16.5,0.589,1.5,2.135338346,2.200083717,0,0,1,0,0
115,2014,Giannis Antetokounmpo,9.963099631,6.433315762,2.846599895,1.138639958,1.15761729,1897,77,23,0.4138755981,0.6831683168,0.3474576271,0.031,-1.8,10.8,0.518,0.1,23.18172232,8.857644991,5.491739895,1.657644991,1.910720562,0.5210484512,0.7696078431,0.2722222222,0.21,7.6,26.1,0.599,6.9,2.315234581,2.960984183,0,0,0,1,0
116,2014,Reggie Bullock,10.48101266,4.921518987,1.093670886,0.8202531646,0.09113924051,395,43,0,0.3553719008,0.7777777778,0.301369863,0.019,-4.7,6.7,0.46,-0.3,10.86937901,4.933618844,2.235546039,1.3875803,0.2312633833,0.421875,0.7142857143,0.3835616438,0.101,0.1,11.7,0.538,0.2,1.184810127,0.7708779443,0,1,0,0,0
117,2014,Trey Burke,14.24403183,3.310344828,6.302387268,0.6684350133,0.09549071618,2262,70,68,0.3801560758,0.9026548673,0.3303571429,0.02,-2.5,12.6,0.473,-0.3,14.59459459,2.406827881,5.120910384,0.5633001422,0.2560455192,0.4549019608,0.7586206897,0.4428571429,0.036,-5.7,10.8,0.532,-0.7,2.084880637,2.458036984,1,0,0,0,0
118,2014,Kentavious Caldwell-Pope,10.68856601,3.547694251,1.25078964,1.705622236,0.2728995578,1583,80,41,0.3956521739,0.7704918033,0.3189189189,0.055,-2.1,9.4,0.483,0,14.90391459,3.53024911,2.747330961,1.266903915,0.1708185053,0.3987068966,0.8324324324,0.3501144165,0.086,0.9,12.8,0.519,1.8,0.6367656349,1.224199288,0,0,1,0,0
119,2014,Michael Carter-Williams,17.4034797,6.516984258,6.576636288,1.938690969,0.6412593206,2414,70,70,0.4051233397,0.7029972752,0.2644230769,0.026,-0.2,15.5,0.48,1.1,12.63829787,6.510638298,4.808510638,1.617021277,0.9787234043,0.3660130719,0.7532467532,0.234375,0.013,-2.4,9.9,0.437,-0.1,3.683512842,2.808510638,0,1,0,0,0
120,2014,Matthew Dellavedova,9.601888277,3.483870968,5.296616837,0.9346970889,0.141620771,1271,72,4,0.4121621622,0.7916666667,0.3677419355,0.078,-2.1,10.7,0.534,0,10.4592145,2.664652568,6.471299094,0.9607250755,0,0.3895131086,0.8541666667,0.3674418605,0.029,-4.7,9.4,0.501,-1.4,1.699449253,2.410876133,0,0,1,0,0
121,2014,Gorgui Dieng,12.58679707,13.20293399,1.716381418,1.320293399,2.200488998,818,60,15,0.4977973568,0.6344086022,1,0.129,0.7,16.5,0.534,0.5,11.07274783,8.779494911,2.143987938,1.194119864,1.289106672,0.502269289,0.8143712575,0.3720930233,0.103,1.8,14.2,0.555,2.5,2.376528117,1.451941199,0,0,1,0,0
122,2014,Rudy Gobert,8.626728111,12.85714286,0.5806451613,0.66359447,3.400921659,434,45,0,0.4864864865,0.4923076923,0,0.045,-4.3,12.9,0.507,-0.3,14.91690962,13.5787172,1.272594752,0.6428571429,2.807580175,0.6608,0.6533613445,0,0.25,5.8,23.3,0.681,5.4,2.65437788,1.928571429,0,0,0,1,0
123,2014,Tim Hardaway,15.8208,2.3232,1.2672,0.8448,0.1344,1875,81,1,0.4279475983,0.828125,0.3631284916,0.08,-2.3,12.7,0.554,-0.1,19.10306407,3.743732591,3.04178273,0.9192200557,0.2506963788,0.4550438596,0.7663551402,0.3573141487,0.107,-0.3,15.2,0.568,0.9,0.9024,1.771587744,0,0,1,0,0
124,2014,Alex Len,8.552486188,9.845303867,0.3977900552,0.3977900552,1.790055249,362,42,3,0.4230769231,0.6451612903,0,0.024,-5.9,7.3,0.469,-0.4,14.14615385,11.76923077,1.015384615,0.8769230769,2.261538462,0.4967602592,0.7211538462,0.25,0.091,-1.7,15,0.553,0.1,2.585635359,2.353846154,0,1,0,0,0
125,2014,CJ McCollum,15.20168067,3.630252101,2.042016807,1.058823529,0.1512605042,476,38,0,0.4157303371,0.6764705882,0.375,0.019,-4.1,9,0.521,-0.3,23.65236052,3.721030043,3.669527897,0.9270386266,0.5407725322,0.480222068,0.9115646259,0.4214123007,0.131,1,19.9,0.585,2.1,2.647058824,2.214592275,0,0,0,1,0
126,2014,Ben McLemore,11.85185185,3.868312757,1.349794239,0.7407407407,0.2962962963,2187,82,55,0.3755522828,0.8041958042,0.3198653199,0.016,-3.2,7.7,0.485,-0.6,15.15306122,3.948979592,1.56122449,0.887755102,0.1836734694,0.4295942721,0.752688172,0.3823529412,0.015,-4.9,9.8,0.538,-0.9,1.580246914,1.897959184,0,1,0,0,0
127,2014,Shabazz Muhammad,17.75172414,6.579310345,0.7448275862,0.9931034483,0.124137931,290,37,0,0.4596774194,0.65,0.2727272727,0.053,-6.2,13.1,0.505,-0.3,18.33245383,5.224274406,0.8311345646,0.5224274406,0.1424802111,0.4816053512,0.7736842105,0.3379310345,0.086,-4.4,14.9,0.566,-0.9,1.986206897,1.329815303,0,1,0,0,0
128,2014,Victor Oladipo,16.00965018,4.762364294,4.733413752,1.867310012,0.5355850422,2487,80,44,0.4188034188,0.7798742138,0.3274336283,0.026,-0.8,13.6,0.514,0.7,17.28712871,4.714671467,2.851485149,1.263726373,0.3402340234,0.4420600858,0.7532467532,0.3607954545,0.085,-1.3,13.6,0.534,0.4,3.705669481,1.927992799,0,0,1,0,0
129,2014,Kelly Olynyk,15.60857143,9.385714286,2.802857143,0.9,0.6942857143,1400,70,9,0.4661354582,0.8114754098,0.350877193,0.101,0.5,15.2,0.546,0.9,15.86996099,8.44993498,3.464239272,1.006501951,0.6788036411,0.5118110236,0.7317073171,0.3541666667,0.127,0.7,15.3,0.603,1,2.725714286,2.247074122,0,1,0,0,0
130,2014,Mason Plumlee,14.68235294,8.696470588,1.694117647,1.383529412,1.552941176,1275,70,22,0.6589403974,0.6256410256,0,0.176,2.4,19,0.67,1.4,14.176781,10.2585752,5.081794195,1.187335092,1.496042216,0.5316742081,0.5669642857,0,0.147,3.1,18.9,0.552,2,2.174117647,2.089709763,0,0,1,0,0
131,2014,Otto Porter,8.802507837,6.432601881,1.128526646,0.9028213166,0.1128526646,319,37,0,0.3626373626,0.6666666667,0.1904761905,-0.006,-6.8,6,0.405,-0.4,14.85604607,7.103262956,1.672168906,1.603071017,0.5804222649,0.5155666252,0.8319327731,0.4340175953,0.173,3.9,17.3,0.628,3.9,1.579937304,0.6080614203,0,0,1,0,0
132,2014,Andre Roberson,6.766917293,8.481203008,1.353383459,1.714285714,0.9022556391,399,40,16,0.4852941176,0.7,0.1538461538,0.099,-0.3,9,0.518,0.2,7.909090909,6.106060606,1.196969697,1.424242424,1.196969697,0.464362851,0.4234234234,0.2445652174,0.085,0,9.6,0.51,1.2,1.714285714,0.7727272727,0,0,1,0,0
133,2014,Dennis Schröder,10.27769111,3.369734789,5.223088924,0.9547581903,0,641,49,0,0.3829787234,0.6744186047,0.2380952381,-0.054,-8.3,5.8,0.442,-1,20.48450704,3.592756539,7.228973843,1.072032193,0.2317907445,0.4514003295,0.8549019608,0.3401360544,0.071,-0.7,16.1,0.533,0.8,3.425897036,3.737625755,0,0,1,0,0
134,2014,Tony Snell,10.11860276,3.626320065,1.988627132,0.8480909829,0.4386677498,1231,77,12,0.3839285714,0.756097561,0.3202247191,0.063,-3,8,0.489,-0.3,10.52568493,3.821917808,1.479452055,0.8476027397,0.2157534247,0.4547134935,0.8103448276,0.4056338028,0.071,-0.8,9.7,0.603,0.7,1.286758733,0.8476027397,0,0,1,0,0
135,2014,Hollis Thompson,9.526980482,5.104477612,1.508610792,1.095292767,0.2479908152,1742,77,41,0.4596774194,0.7123287671,0.4011976048,0.055,-3,9.5,0.57,-0.4,10.97326203,5.390374332,1.668449198,0.8983957219,0.385026738,0.4150943396,0.65,0.3661971831,0.06,-3,9,0.51,-0.1,1.239954076,0.577540107,0,1,0,0,0
136,2014,Jeff Withey,10,7.894736842,1.368421053,0.7894736842,2.631578947,684,58,4,0.5348837209,0.7123287671,0,0.128,0.3,15.2,0.59,0.4,12.16666667,10.08333333,0.5833333333,1.333333333,2.666666667,0.5339805825,0.75,0,0.205,1.6,18.8,0.588,0.4,1.052631579,1.166666667,1,0,0,0,0
137,2014,Cody Zeller,12.45762712,8.974576271,2.338983051,1.016949153,1.042372881,1416,82,3,0.4257425743,0.73,0,0.09,-1.3,13.1,0.498,0.2,13.33565217,8.452173913,2.066086957,1.293913043,1.210434783,0.5711060948,0.6785714286,0,0.157,2.1,16.7,0.604,1.8,2.211864407,1.356521739,0,0,1,0,0
138,2015,Kyle Anderson,7.441340782,7.240223464,2.815642458,1.508379888,0.7039106145,358,33,8,0.3483146067,0.6428571429,0.2727272727,0.044,-2.7,8.2,0.389,-0.1,10.6471183,7.207280081,3.676440849,2.093023256,1.092012133,0.5273972603,0.7123287671,0.3333333333,0.151,4.1,15.9,0.582,3,1.005586592,1.710819009,0,0,1,0,0
139,2015,Tarik Black,12.28393524,10.80448319,1.524283935,0.5828144458,0.9863013699,803,38,27,0.5894736842,0.5617977528,0,0.129,-0.5,16.3,0.598,0.3,12.08955224,10.94776119,0.8731343284,1.410447761,2.014925373,0.5905511811,0.4603174603,0.09090909091,0.136,-1,14.3,0.582,0.1,1.300124533,2.350746269,1,0,0,0,0
140,2015,Bojan Bogdanović,13.59223301,4.13592233,1.32038835,0.6601941748,0.1747572816,1854,78,28,0.453125,0.820754717,0.35546875,0.062,-1.8,11.6,0.562,0.1,16.67045455,3.944805195,1.738636364,0.8035714286,0.1168831169,0.4741784038,0.8682926829,0.4015544041,0.105,-0.7,13.9,0.605,0.8,1.514563107,1.548701299,0,0,1,0,0
141,2015,Jordan Clarkson,17.14634146,4.658536585,5.024390244,1.243902439,0.2926829268,1476,59,38,0.4479865772,0.8291139241,0.3140495868,0.078,-0.3,16.9,0.528,0.6,22.09872611,4.557324841,4.958598726,1.117834395,0.08598726115,0.4482758621,0.7954545455,0.3238095238,0.08,-1.3,16.9,0.532,0.2,2.341463415,2.722929936,0,1,0,0,0
142,2015,Spencer Dinwiddie,11.47252747,3.797802198,8.228571429,1.503296703,0.4747252747,455,34,1,0.3017751479,0.9117647059,0.1846153846,0.009,-4.2,10.2,0.394,-0.2,15.72072853,4.043365134,8.180398959,1.061578491,0.3590633131,0.3866348449,0.8134328358,0.3256351039,0.118,0.2,15.9,0.527,1.3,2.610989011,1.998265395,0,0,1,0,0
143,2015,James Ennis,10.6869648,6.028544244,1.64414843,0.8563273073,0.582302569,1051,62,3,0.4089068826,0.8404255319,0.3263157895,0.088,-1.5,11.5,0.541,0.1,10.5982906,5.367521368,1.675213675,1.094017094,0.4102564103,0.4864864865,0.8767123288,0.3571428571,0.093,-0.7,11.9,0.61,0.3,1.335870599,1.299145299,0,1,0,0,0
144,2015,Langston Galloway,13.16952642,4.6945779,3.70624571,1.284831846,0.2964996568,1457,45,41,0.3992172211,0.8076923077,0.3522727273,0.043,-1.1,12.3,0.489,0.3,15.01738123,3.837775203,2.419466976,1.460023175,0.2085747393,0.3705882353,0.8048780488,0.3440366972,0.08,-1.7,12.2,0.503,0.1,1.507206589,0.7508690614,0,1,0,0,0
145,2015,Aaron Gordon,10.9761606,7.633626098,1.490589711,0.9485570891,0.9937264743,797,47,8,0.4471153846,0.7213114754,0.2708333333,0.06,-2.8,11.4,0.517,-0.2,19.27291776,8.618124673,2.564693557,1.112624411,0.8486118387,0.4335260116,0.6977777778,0.3362573099,0.072,0,16.5,0.53,1,1.716436637,2.017810372,0,0,1,0,0
146,2015,Jerami Grant,10.74509804,5.176470588,2.065359477,1.045751634,1.777777778,1377,65,11,0.3522727273,0.5906735751,0.3141025641,0.019,-3.3,8.7,0.47,-0.5,14.90710383,6.972677596,1.245901639,0.6775956284,1.683060109,0.5350877193,0.675,0.2909090909,0.156,-0.6,16.2,0.607,0.6,2.222222222,1.180327869,0,1,0,0,0
147,2015,Gary Harris,9.413073713,3.204450626,1.45201669,1.9527121,0.3504867872,719,55,6,0.3041474654,0.7446808511,0.2038834951,-0.046,-4.3,4.9,0.395,-0.4,18.28125,2.75,3.03125,1.90625,0.234375,0.4845814978,0.8271604938,0.3959390863,0.114,0.9,16.5,0.597,1.7,1.902642559,1.859375,0,0,1,0,0
148,2015,Joe Harris,9.931034483,2.993914807,1.898580122,0.5111561866,0.1460446247,493,51,1,0.4,0.6,0.369047619,0.018,-4.5,5.6,0.537,-0.3,15.42075949,4.739240506,2.333164557,0.6379746835,0.364556962,0.4911433172,0.8269230769,0.4189944134,0.097,0.1,13.3,0.634,1.1,1.971602434,1.658734177,0,1,0,0,0
149,2015,Rodney Hood,14.65037594,3.958646617,2.808270677,1.015037594,0.4060150376,1064,50,21,0.4144385027,0.7625,0.3647058824,0.098,-1.1,12.3,0.529,0.2,21.75276753,3.686346863,2.158671587,0.9963099631,0.2324723247,0.4239130435,0.8762886598,0.3893129771,0.085,-1.6,15.1,0.551,0.1,1.522556391,2.092250923,0,0,1,0,0
150,2015,Joe Ingles,8.521219366,3.765690377,3.916317992,1.549312612,0.2151823072,1673,79,32,0.4152542373,0.75,0.3564356436,0.062,-0.8,9.6,0.533,0.5,13.12645462,4.803723817,5.474010861,1.256788208,0.2792862684,0.4665738162,0.7951807229,0.4396551724,0.141,3.1,14.4,0.623,3.3,2.108786611,2.220325834,0,0,1,0,0
151,2015,Tyler Johnson,11.34328358,4.835820896,2.507462687,1.970149254,0.5373134328,603,32,2,0.4191616766,0.6808510638,0.375,0.06,-1.1,12,0.506,0.1,14.78947368,4.350877193,2.894736842,1.052631579,0.5964912281,0.4345991561,0.8217054264,0.3672839506,0.097,-0.2,13,0.549,0.9,1.791044776,1.421052632,0,0,1,0,0
152,2015,Doug McDermott,12.22429907,4.822429907,0.6728971963,0.4485981308,0.1121495327,321,36,0,0.4018691589,0.6666666667,0.3170731707,-0.005,-8,6.1,0.48,-0.5,12.1331058,4.116040956,1.535836177,0.3071672355,0.3686006826,0.4603658537,0.7547169811,0.3868613139,0.055,-2.5,9.9,0.562,-0.1,1.906542056,1.044368601,0,1,0,0,0
153,2015,Nikola Mirotić,18.1305925,8.793228537,2.111245466,1.175332527,1.175332527,1654,82,3,0.4054487179,0.8028169014,0.3162939297,0.165,1.2,17.9,0.556,1.3,18.12385321,10.1559633,1.69266055,1.197247706,1.073394495,0.4267015707,0.8103448276,0.3350253807,0.106,-0.2,16.3,0.539,0.4,1.937122128,1.279816514,0,0,1,0,0
154,2015,Shabazz Napier,9.28458498,4.019762846,4.624505929,1.422924901,0.1422924901,1012,51,10,0.3815789474,0.7857142857,0.3644067797,0.024,-2.6,9.3,0.517,-0.2,15.10358306,3.986970684,3.517915309,1.899674267,0.3283387622,0.4199623352,0.8405797101,0.376146789,0.101,0.2,14.2,0.544,0.8,2.881422925,2.110749186,0,1,0,0,0
155,2015,Nerlens Noel,11.58978797,9.517957594,1.993942016,2.071830376,2.212029424,2311,75,71,0.4624808576,0.6086956522,0,0.083,0.8,15,0.493,1.6,9.991525424,12.81355932,1.525423729,2.36440678,1.677966102,0.5238095238,0.75,0,0.135,1,16.2,0.558,0.4,2.274340113,1.983050847,0,1,0,0,0
156,2015,Jusuf Nurkić,13.90389846,12.46781505,1.631912965,1.697189483,2.219401632,1103,62,27,0.4464751958,0.6363636364,0,0.069,-0.6,14.8,0.483,0.4,19.51724138,12.20689655,2.465517241,1.103448276,1.913793103,0.5047318612,0.63003663,0,0.108,0.3,19.2,0.528,1.2,2.806890299,3.155172414,0,0,1,0,0
157,2015,Johnny O'Bryant,9.782608696,6.260869565,1.663043478,0.4891304348,0.3913043478,368,34,15,0.3666666667,0.4444444444,0,-0.063,-9,3.8,0.379,-0.7,16.24274406,8.833773087,1.329815303,0.8548812665,0.5699208443,0.3976608187,0.84,0.3255813953,0.038,-5.3,11.9,0.47,-0.3,2.445652174,1.424802111,1,0,0,0,0
158,2015,Elfrid Payton,10.57292085,5.047810366,7.709120129,2.053836882,0.2892728003,2489,82,63,0.4251412429,0.5514018692,0.2619047619,0.044,-0.7,13.8,0.456,0.8,16.41050119,4.983293556,7.875894988,1.832935561,0.4582338902,0.519650655,0.6315789474,0.3731343284,0.104,1.1,18.1,0.564,1,2.936118923,3.264916468,0,0,1,0,0
159,2015,Marcus Smart,10.41371681,4.420353982,4.14159292,1.971238938,0.3584070796,1808,67,38,0.3668763103,0.6456692913,0.3345588235,0.077,1.1,11,0.491,1.4,12.26765799,4.215613383,5.776951673,1.583643123,0.5130111524,0.3669902913,0.7293233083,0.3012048193,0.056,-0.5,10.8,0.479,0.6,1.792035398,2.87732342,0,0,1,0,0
160,2015,Nik Stauskas,10.18988465,2.811002662,2.140195209,0.6388642413,0.5430346051,1127,73,1,0.3648648649,0.859375,0.322147651,0.021,-3.9,7.5,0.492,-0.5,13.33054393,4.744769874,2.861924686,0.3765690377,0.3012552301,0.3933333333,0.7037037037,0.404040404,0.038,-3.9,9.8,0.547,-0.2,1.277728483,1.656903766,1,0,0,0,0
161,2015,T.J. Warren,14.36482085,4.983713355,1.465798046,1.055374593,0.5276872964,614,40,1,0.5280373832,0.7368421053,0.2380952381,0.085,-2.1,14,0.551,0,21.36134454,5.596638655,1.428571429,1.092436975,0.6890756303,0.4976481656,0.7568627451,0.2222222222,0.077,-1.9,17.6,0.541,0.1,1.583061889,1.428571429,0,0,1,0,0
162,2015,Andrew Wiggins,16.81778377,4.534860222,2.061300101,1.042775345,0.6062647356,2969,82,82,0.4371152155,0.7596566524,0.3095238095,0.034,-2.3,13.9,0.517,-0.2,17.54682779,4.326283988,1.933534743,1.099697885,0.6163141994,0.4376923077,0.6433121019,0.3313609467,0.034,-2.5,13,0.505,-0.4,2.146177164,1.667673716,0,0,1,0,0
163,2016,Justin Anderson,11.57341577,7.344667697,1.613601236,1.057187017,1.391035549,647,55,9,0.4057142857,0.8,0.265060241,0.083,-1.2,12.3,0.522,0.1,13.84017279,6.531317495,1.788336933,1.710583153,1.010799136,0.4076433121,0.7428571429,0.3116883117,0.043,-3.2,11.2,0.516,-0.1,1.335394127,1.788336933,1,0,0,0,0
164,2016,Nemanja Bjelica,10.3144186,7.03255814,2.779534884,0.8706976744,0.703255814,1075,60,0,0.4680851064,0.7272727273,0.384,0.087,0.3,11.2,0.594,0.6,14.91946309,8.939597315,2.959731544,1.087248322,1.127516779,0.478920742,0.7608695652,0.4007782101,0.122,2,15.4,0.585,1.8,1.573953488,1.651006711,0,0,1,0,0
165,2016,Devin Booker,17.89753321,3.193548387,3.415559772,0.7514231499,0.3415559772,2108,76,51,0.4232987313,0.83984375,0.3425605536,0.043,-3.1,11.9,0.535,-0.6,27.2970562,4.255129349,6.952720785,0.8991971454,0.2087421945,0.4669322709,0.8656387665,0.3260869565,0.076,0.8,20.2,0.584,1.6,2.732447818,4.239072257,0,0,0,1,0
166,2016,Willie Cauley-Stein,11.80453258,8.974504249,0.9433427762,1.223796034,1.682719547,1412,66,39,0.5634218289,0.648,0,0.13,0.7,15.3,0.588,1,15.69814731,11.02937189,3.155896972,1.561680976,0.8296430185,0.5560053981,0.5511811024,0.5,0.146,2,18,0.566,2.3,1.172804533,1.366470854,0,0,1,0,0
167,2016,Pat Connaughton,9.062937063,8.055944056,2.517482517,0.5034965035,0,143,34,0,0.2653061224,1,0.2380952381,-0.076,-8.2,4.6,0.352,-0.2,12.01903251,7.365582871,3.48295004,0.942109437,0.7137192704,0.4657142857,0.725,0.33,0.149,1.6,13.6,0.573,1.2,2.517482517,0.942109437,0,1,0,0,0
168,2016,Cristiano Felício,11.77570093,11.43925234,2.91588785,0.6728971963,1.457943925,321,31,4,0.5555555556,0.7142857143,0,0.175,0.9,17.6,0.601,0.2,11.58176944,10.52010724,1.785522788,0.5308310992,0.3378016086,0.530726257,0.6849315068,0,0.088,-3.5,13.4,0.568,-0.3,1.457943925,1.592493298,1,0,0,0,0
169,2016,Jerian Grant,12.12332016,4.069565217,5.03715415,1.422924901,0.2845849802,1265,76,6,0.3938618926,0.7804878049,0.22,0.03,-3.4,11.2,0.479,-0.5,9.584664537,3.757188498,5.980830671,1.686900958,0.2300319489,0.4181818182,0.65,0.3636363636,0.085,-2,10.8,0.526,0,2.475889328,1.955271565,0,1,0,0,0
170,2016,Montrezl Harrell,13.29815303,6.17414248,1.614775726,1.044854881,1.044854881,379,39,1,0.6444444444,0.5217391304,0,0.118,-1.9,14.6,0.635,0,22.70435589,8.924930491,2.702502317,1.184430028,1.835032437,0.6148648649,0.6425120773,0.1764705882,0.193,4.2,23.4,0.636,3.4,1.614775726,2.202038925,0,0,1,0,0
171,2016,Mario Hezonja,12.17834395,4.484076433,2.777070064,0.9936305732,0.4331210191,1413,79,9,0.4330143541,0.9074074074,0.3489583333,0.029,-2.8,9.4,0.541,-0.3,15.25373134,7.134328358,2.626865672,1.701492537,0.2388059701,0.411637931,0.7631578947,0.2763157895,-0.003,-4,10.8,0.497,-0.6,2.47133758,2.626865672,0,1,0,0,0
172,2016,Richaun Holmes,14.71794872,6.923076923,1.692307692,0.9743589744,2.051282051,702,51,1,0.5135135135,0.6891891892,0.1818181818,0.103,-0.9,15.9,0.564,0.2,17.39189189,10.06418919,1.824324324,1.277027027,2.402027027,0.6082191781,0.7314285714,0,0.173,1.4,20.7,0.647,1,1.641025641,1.581081081,0,1,0,0,0
173,2016,Stanley Johnson,12.65441612,6.529934795,2.518079431,1.173681091,0.2560758743,1687,73,6,0.375,0.7843137255,0.3073170732,0.018,-2.6,8.7,0.46,-0.2,13.41103018,6.555671176,2.247658689,1.798126951,0.4869927159,0.3810888252,0.8039215686,0.2817679558,0.034,-2.1,9.8,0.482,0,2.432720806,2.060353798,0,1,0,0,0
174,2016,Nikola Jokić,16.53548759,11.63300635,3.926139642,1.641084824,1.038661281,1733,80,55,0.5116666667,0.8105263158,0.3333333333,0.185,4.8,21.5,0.582,3,23.06070288,12.43610224,8.338658147,1.552715655,0.7907348243,0.5107794362,0.8210227273,0.3074074074,0.226,9.5,26.3,0.589,7.3,2.160415465,3.565495208,0,0,0,0,1
175,2016,Tyus Jones,9.80104712,2.952879581,6.785340314,1.947643979,0.1884816754,573,37,0,0.358974359,0.7179487179,0.3018867925,0.027,-3.7,11.2,0.45,-0.3,10.8,3.092307692,7.546153846,1.869230769,0.1153846154,0.4147982063,0.8405797101,0.3174603175,0.091,-1.8,13.7,0.491,0.1,2.073298429,1.084615385,0,1,0,0,0
176,2016,Frank Kaminsky,12.77283372,7.06088993,2.06557377,0.8009367681,0.906323185,1708,81,3,0.4095238095,0.7297297297,0.3366336634,0.093,-1.2,12.5,0.513,0.3,19.31125828,7.77218543,3.00397351,0.5721854305,0.5721854305,0.4630872483,0.738317757,0.3597122302,0.114,-0.9,16.8,0.587,0.2,1.222482436,1.954966887,0,1,0,0,0
177,2016,Trey Lyles,12.71201158,7.788712012,1.536903039,0.6772793054,0.4688856729,1382,80,33,0.4380733945,0.6951219512,0.3828125,0.079,-2.8,11.6,0.517,-0.3,17.55,7.907142857,2.796428571,0.9642857143,0.7392857143,0.4181818182,0.6982758621,0.255,0.05,-3.3,12.7,0.5,-0.4,1.693198263,2.185714286,0,1,0,0,0
178,2016,Boban Marjanović,21.04724409,13.7480315,1.488188976,0.8503937008,1.62992126,508,54,4,0.6034482759,0.7631578947,0,0.325,3.6,27.7,0.662,0.7,23.17021277,14.55319149,2.106382979,1.053191489,1.627659574,0.6071428571,0.7578947368,0,0.217,1.4,24.9,0.666,0.3,2.05511811,3.542553191,1,0,0,0,0
179,2016,T.J. McConnell,11.05105853,5.603985056,8.226650062,2.129514321,0.2241594022,1606,81,17,0.4698275862,0.6341463415,0.3483146067,0.058,-2.1,14.5,0.511,0,11.82857143,4.26122449,6.318367347,1.934693878,0.4163265306,0.5250596659,0.7837837838,0.3333333333,0.094,-1.6,13.4,0.555,0.1,3.138231631,2.228571429,0,1,0,0,0
180,2016,Salah Mejri,11.33501259,11.15365239,0.9068010076,0.725440806,3.264483627,397,34,6,0.6282051282,0.5869565217,0,0.156,1.1,16.8,0.636,0.3,12.72180451,11.81954887,3.157894737,0.9022556391,2.345864662,0.4910714286,0.625,0.3235294118,0.136,1.9,16.1,0.559,0.4,2.085642317,1.894736842,1,0,0,0,0
181,2016,Emmanuel Mudiay,15.17988395,4.03868472,6.47582205,1.131528046,0.6092843327,2068,68,66,0.3635359116,0.6698564593,0.3189655172,-0.049,-4.3,9.9,0.437,-1.2,19.55693839,4.390790292,5.107654014,0.9632856254,0.4256378345,0.4459459459,0.7741935484,0.3285714286,0.023,-2.4,14.6,0.531,-0.2,3.777562863,3.13627878,0,0,1,0,0
182,2016,Larry Nance,9.924170616,8.872037915,1.251184834,1.535545024,0.654028436,1266,63,22,0.5266666667,0.6808510638,0.1,0.083,-1.4,13.4,0.544,0.2,12.57493036,11.07075209,4.291922006,2.005571031,0.8022284123,0.5198329854,0.7164179104,0.3367346939,0.131,4,18.6,0.583,2.7,1.165876777,1.9454039,0,1,0,0,0
183,2016,Raul Neto,11.43162108,2.881921281,4.178785857,1.488992662,0.04803202135,1499,81,53,0.4306220096,0.7428571429,0.3950617284,0.058,-2.3,10.2,0.53,-0.1,14.88607595,4.708860759,7.063291139,1.063291139,0.3037974684,0.4596273292,0.8484848485,0.3333333333,0.116,-1.6,13.5,0.558,0,2.617745163,2.658227848,1,0,0,0,0
184,2016,Jahlil Okafor,20.99811439,8.439974859,1.470773099,0.4978001257,1.380263985,1591,53,48,0.5083226633,0.6855670103,0.1666666667,0.037,-4.1,17.1,0.536,-0.8,18.63529412,10.70374332,1.540106952,0.577540107,1.540106952,0.5856353591,0.6629213483,0.2,0.115,-2.3,17.9,0.603,-0.1,2.805782527,2.002139037,0,1,0,0,0
185,2016,Kelly Oubre,12.66169896,7.13561848,0.697466468,1.180327869,0.3755588674,671,63,9,0.4265402844,0.6326530612,0.3164556962,0.031,-5.8,8.2,0.507,-0.7,20.56271186,5.979661017,1.952542373,1.738983051,1.189830508,0.4525139665,0.7610062893,0.3252427184,0.054,-1.2,16.4,0.555,0.2,1.82414307,2.227118644,0,1,0,0,0
186,2016,Cameron Payne,14.59598854,4.383954155,5.570200573,1.856733524,0.3094555874,698,57,1,0.4100719424,0.7916666667,0.3243243243,0.093,-1.3,12.9,0.49,0.1,11.82089552,3.559701493,5.574626866,1.343283582,0.4029850746,0.4107142857,0.88,0.2711864407,0.014,-4.3,10.3,0.492,-0.3,2.269340974,2.28358209,0,1,0,0,0
187,2016,Norman Powell,13.55586207,5.511724138,2.333793103,1.44,0.4965517241,725,49,24,0.423580786,0.8113207547,0.404494382,0.105,-0.4,13.3,0.541,0.3,16.4973357,4.444049734,2.909413854,1.246891652,0.4156305506,0.4825,0.8266666667,0.4,0.102,-0.7,13.3,0.596,0.4,1.588965517,2.078152753,0,1,0,0,0
188,2016,Josh Richardson,11.08943089,3.479674797,2.37398374,1.170731707,0.8130081301,1107,52,2,0.4522058824,0.6666666667,0.4608695652,0.109,0.6,11.4,0.569,0.7,17.14218196,3.729027176,4.225285545,1.120126034,0.4820795589,0.4122807018,0.8614718615,0.3565217391,0.106,0.6,14,0.536,1.7,1.138211382,1.602205593,0,0,1,0,0
189,2016,Terry Rozier,8.334405145,7.292604502,4.282958199,0.6945337621,0.115755627,311,39,0,0.2735849057,0.8,0.2222222222,-0.047,-6.6,5,0.326,-0.4,14.23115578,6.170854271,4.64321608,1.366834171,0.4221105528,0.3873873874,0.7849462366,0.353115727,0.086,-0.7,12.9,0.501,0.6,2.199356913,1.366834171,0,0,1,0,0
190,2016,D'Angelo Russell,16.79681275,4.366533865,4.239043825,1.482071713,0.2071713147,2259,80,48,0.410041841,0.7368421053,0.3513513514,0.001,-1.8,13.2,0.507,0.1,25.17647059,4.632352941,8.279411765,1.470588235,0.2941176471,0.4344100198,0.7804878049,0.368503937,0.097,3.4,19.4,0.533,3.3,3.123505976,3.720588235,0,0,0,1,0
191,2016,Jonathon Simmons,14.65682657,4.250922509,2.568265683,1.062730627,0.221402214,813,55,2,0.5041322314,0.75,0.3829787234,0.119,-1,11.9,0.586,0.2,12.05680473,4.26035503,4.047337278,0.7668639053,0.5964497041,0.3636363636,0.7777777778,0.2289156627,-0.01,-5.4,7.4,0.445,-0.7,2.346863469,2.385798817,0,1,0,0,0
192,2016,Karl-Anthony Towns,20.59687857,11.75789874,2.206318995,0.794822992,1.891130567,2627,82,82,0.5420641804,0.8109090909,0.3409090909,0.151,2.8,22.5,0.59,3.2,26.59332024,13.49469548,3.663654224,0.947740668,1.768172888,0.5182648402,0.8355555556,0.4,0.197,6.8,26.3,0.622,5.7,2.507803578,3.394891945,0,0,0,0,1
193,2016,Myles Turner,16.3013899,8.743233358,1.07973665,0.6583760059,2.26481346,1367,60,30,0.4981132075,0.7272727273,0.2142857143,0.109,-2.3,15.4,0.531,-0.1,16.71731949,9.021236432,1.95375177,1.019348749,3.380840019,0.4871794872,0.736318408,0.387755102,0.144,3.3,18,0.567,2.8,1.764447696,1.698914582,0,0,1,0,0
194,2016,Justise Winslow,8.096774194,6.5,1.887096774,1.096774194,0.4193548387,2232,78,8,0.4220779221,0.6837606838,0.275862069,0.054,-0.6,8.4,0.489,0.8,15.25267994,6.5237366,5.182235835,1.323124043,0.3491577335,0.432576769,0.6277372263,0.375,0.067,-0.1,12.8,0.513,1,1.532258065,2.60949464,0,0,1,0,0