,Rookie Year,Name,rpts,rrebs,rasts,rstls,rblks,rtos,rmin,rgamp,rgams,rfg%,rft%,r3fg%,rWS/48,rBPM,rPER,rTS%,rVORP,pts,rebs,asts,stls,blks,tos,fg%,ft%,3fg%,WS/48,BPM,PER,TS%,VORP,2kRank
0,2010,Jeff Ayres,9.244444444,8.711111111,0.088888889,0.622222222,1.422222222,1.066666667,405,39,4,0.661538462,0.9,0,0.156,-2.9,12.1,0.705,-0.1,14.14634146,10.14634146,1.463414634,0.585365854,1.170731707,2.243902439,0.484126984,0.913043478,0.5,0.129,-2.9,14.5,0.533,-0.1,67
1,2010,Rodrigue Beaubois,20.41714286,4.011428571,3.805714286,1.491428571,0.617142857,2.777142857,700,56,16,0.518394649,0.807692308,0.409090909,0.134,1.3,18.5,0.617,0.6,11.86885246,3.737704918,5.508196721,1.245901639,0.262295082,2.163934426,0.369318182,0.789473684,0.291666667,0.032,-3.3,10.6,0.47,-0.2,72
2,2010,DeJuan Blair,15.37349398,12.6746988,1.56626506,1.204819277,0.939759036,2.698795181,1494,82,23,0.555555556,0.546583851,0,0.147,0.7,17.7,0.564,1,13.87544066,9.72972973,1.903642773,1.565217391,0.423031727,2.072855464,0.52398524,0.628571429,0,0.126,-0.8,14.6,0.543,0.3,69
3,2010,DeMarre Carroll,9.464150943,6.79245283,1.494339623,1.267924528,0.40754717,1.086792453,795,71,1,0.396396396,0.622641509,0,0.031,-4.1,8.5,0.426,-0.4,12.73447345,6.091809181,1.97659766,1.879387939,0.777677768,1.101710171,0.459876543,0.765306122,0.285714286,0.134,2,15.5,0.535,1.1,64
4,2010,Omri Casspi,14.76540653,6.50647333,1.771103055,1.006732263,0.316934231,1.827032626,1931,77,31,0.446428571,0.672413793,0.369458128,0.063,-2.1,13,0.529,-0.1,12.38170974,8.159045726,2.003976143,1.789264414,0.858846919,1.574552684,0.39375,0.536585366,0.328947368,0.064,-1.7,12.9,0.486,0,66
5,2010,Earl Clark,13.15926893,5.82767624,1.973890339,0.657963447,1.221932115,2.161879896,383,51,0,0.370860927,0.722222222,0.4,-0.033,-6.9,8.5,0.42,-0.5,11.30447542,8.584005869,1.716801174,0.950843727,1.162142333,1.637564197,0.440414508,0.697368421,0.336538462,0.08,-0.9,12.4,0.51,0.4,70
6,2010,Darren Collison,16.14793741,3.277382646,7.374110953,1.3314367,0.068278805,3.448079659,2109,76,37,0.476552598,0.850574713,0.4,0.067,-1.7,16.5,0.546,0.2,14.75210793,3.323777403,6.298482293,1.517706577,0.121416526,2.625632378,0.470994475,0.88,0.352941177,0.114,0.2,16.3,0.575,1.3,79
7,2010,Dante Cunningham,12.37340877,8.147100424,0.712871287,1.222065064,1.120226308,0.763790665,707,63,2,0.495327103,0.645833333,0,0.129,-1.9,14.3,0.517,0,12.44776119,7.307462687,1.2,1.504477612,0.680597015,1.002985075,0.467958271,0.650485437,0,0.084,-0.9,13.3,0.485,0.5,64
8,2010,Stephen Curry,17.39088398,4.425414365,5.867403315,1.889502762,0.236187845,3.020718232,2896,80,77,0.461942257,0.885,0.436842105,0.077,1,16.3,0.568,2.2,21.55414013,3.789473684,6.504860878,1.520616829,0.14482065,2.896413007,0.451008646,0.900343643,0.453333333,0.18,5.4,21.3,0.589,5.6,88
9,2010,Austin Daye,13.73114754,6.845901639,1.337704918,0.983606557,1.02295082,1.88852459,915,69,4,0.46440678,0.821428571,0.305263158,0.067,-2.7,12.8,0.546,-0.2,13.7195122,6.585365854,2.304878049,0.987804878,1.536585366,1.756097561,0.423423423,0.6875,0.344827586,0.127,0.3,13.3,0.529,0.2,64
10,2010,DeMar DeRozan,14.32211538,4.824519231,1.146634615,0.930288462,0.389423077,1.341346154,1664,77,65,0.498046875,0.762886598,0.25,0.066,-2.8,12.5,0.554,-0.3,17.74311318,3.823431796,2.43743777,0.908065051,0.286757385,1.804181879,0.445166531,0.831381733,0.283333333,0.075,-1.9,14.7,0.523,0,77
11,2010,Toney Douglas,15.9300828,3.576816927,3.709291628,1.390984361,0.099356026,1.821527139,1087,56,12,0.457800512,0.808823529,0.388571429,0.097,-0.8,14.9,0.571,0.3,15.73274918,3.548740416,3.667031763,1.577217963,0.078860898,2.208105148,0.394886364,0.882352941,0.37654321,0.081,-1.1,12.3,0.522,0.2,73
12,2010,Wayne Ellington,13.13583815,4.13583815,1.924855491,0.520231214,0.130057804,1.924855491,1384,76,1,0.424107143,0.871428571,0.395061728,0.014,-4.8,9.6,0.527,-1,14.47309645,4.166497462,2.265989848,1.059898477,0.073096447,1.206091371,0.439393939,0.898305085,0.370629371,0.093,-1,13.9,0.556,0.2,72
13,2010,Tyreke Evans,19.49943967,5.110197983,5.567426223,1.465819948,0.349645125,2.904744117,2677,72,72,0.45751073,0.748387097,0.255319149,0.097,1.6,18.2,0.529,2.5,17.625,5.125,4.089285714,1.607142857,0.482142857,2.285714286,0.478431373,0.774907749,0.338345865,0.105,1.3,18.1,0.558,1.7,82
14,2010,Taj Gibson,12.00544465,9.980036298,1.143375681,0.816696915,1.698729583,1.862068966,2204,82,70,0.494435612,0.645714286,0,0.103,-0.6,13.8,0.521,0.8,12.75668266,8.512679918,1.505140507,0.666209733,2.220699109,1.875257025,0.485260771,0.679389313,0,0.109,-0.5,14.4,0.518,0.5,75
15,2010,James Harden,15.5972382,5.054085155,2.837744534,1.6570771,0.414269275,2.195627158,1738,76,0,0.403114187,0.808333333,0.375,0.124,1,14,0.551,1.3,24.39798995,4.570854271,5.487437186,1.712562814,0.458291457,3.557788945,0.437546746,0.851010101,0.368312757,0.206,5.5,23,0.6,5.7,88
16,2010,Gerald Henderson,11.45915493,5.577464789,1.318309859,1.014084507,0.912676056,1.41971831,355,43,0,0.355769231,0.744680851,0.210526316,0.056,-4.7,9.7,0.453,-0.2,17.80590717,4.219409283,2.987341772,1.147679325,0.573839662,1.82278481,0.446783626,0.82428115,0.33,0.073,-1.6,16.4,0.531,0.2,74
17,2010,Jrue Holiday,11.95925297,3.891341256,5.704584041,1.60950764,0.36672326,3.178268251,1767,73,51,0.442307692,0.755813954,0.389937107,0.032,-1.8,12.3,0.526,0.1,17.01572112,4.04784689,7.689678742,1.513328776,0.393711552,3.592617908,0.430900621,0.752066116,0.368421053,0.055,0.6,16.7,0.496,1.9,88
18,2010,Serge Ibaka,12.54421769,10.80272109,0.272108844,0.680272109,2.639455782,1.850340136,1323,73,0,0.543243243,0.630434783,0.5,0.134,-2.4,15.2,0.562,-0.1,15.2775543,8.934835076,0.622687048,0.405470636,3.504424779,1.810136766,0.573264782,0.7486911,0.350877193,0.181,2.1,19.4,0.612,2.6,84
19,2010,Brandon Jennings,17.11718458,3.800823662,6.334706103,1.4152003,0.242605766,2.695619618,2671,82,82,0.370888158,0.816849817,0.37371134,0.075,0.9,14.5,0.475,1.9,17.36002761,3.056955471,6.474283742,1.553331032,0.124266483,2.522609596,0.398556536,0.818505338,0.37527115,0.096,0.9,16.1,0.51,2.1,83
20,2010,Jonas Jerebko,11.9516129,7.709677419,0.935483871,1.274193548,0.467741936,1.322580645,2232,80,73,0.48092869,0.710227273,0.313043478,0.095,-0.2,13.9,0.545,1,15.21524664,7.466367713,1.735426009,1.533632287,0.322869955,1.695067265,0.449367089,0.772727273,0.301204819,0.107,-0.6,15.7,0.531,0.3,66
21,2010,James Johnson,12.17437252,6.087186262,2.282694848,0.998678996,2.044914135,2.948480845,757,65,11,0.452380952,0.728571429,0.326086957,0.054,-2.1,10.4,0.532,0,11.3166287,5.945330296,2.378132118,1.681093394,2.050113895,2.788154897,0.413427562,0.597014925,0.095238095,-0.028,-3,10.2,0.442,-0.2,66
22,2010,Ty Lawson,14.80424886,3.386949924,5.544764795,1.31107739,0.054628225,2.239757208,1318,65,8,0.515384615,0.757142857,0.409638554,0.135,0,16.4,0.6,0.7,17.41981695,2.836450458,7.177079188,1.532829288,0.114604059,2.60724234,0.461380021,0.75562701,0.36637931,0.141,1.4,17.9,0.549,2.2,85
23,2010,Wesley Matthews,13.67111111,3.395555556,2.204444444,1.137777778,0.266666667,1.653333333,2025,82,48,0.483185841,0.829015544,0.381818182,0.108,-0.2,12.3,0.592,0.9,15.31086142,2.861423221,2.606741573,1.348314607,0.269662921,1.632958801,0.435643564,0.796791444,0.397647059,0.093,1.2,14.1,0.574,2,77
24,2010,Eric Maynor,9.854304636,3.61589404,7.350993377,1.072847682,0.317880795,2.264900662,906,55,0,0.434042553,0.692307692,0.361702128,0.079,-3.2,11.6,0.492,-0.3,9.57544757,1.657289003,6.721227621,0.920716113,0,2.854219949,0.313043478,0.80952381,0.326086957,-0.003,-8.4,7.5,0.419,-0.6,67
25,2010,Jodie Meeks,12.51851852,5.333333333,1.62962963,0.962962963,0.296296296,1.481481481,486,41,0,0.361581921,0.857142857,0.280487805,0.029,-4.6,8.4,0.454,-0.3,13.37823211,3.701743836,1.493686109,1.255562237,0.108238124,1.125676488,0.386792453,0.895833333,0.356725146,0.085,-0.9,11.4,0.54,0.5,69
26,2010,A.J. Price,17.06358382,3.662427746,4.411560694,1.456647399,0.124855491,2.455491329,865,56,2,0.40960452,0.8,0.344827586,0.065,-1.8,14,0.53,0,12.42253521,3.211267606,5.774647887,0.929577465,0.084507042,1.802816901,0.389830509,0.790322581,0.35,0.084,-1.8,12.4,0.501,0.1,56
27,2010,Jeff Teague,11.41585535,3.354659249,6.108484006,1.702364395,0.550764951,2.503477051,719,71,3,0.396475771,0.836734694,0.21875,0.042,-4.2,11,0.459,-0.4,15.97260274,2.465753425,7.931506849,1.602739726,0.383561644,3.150684932,0.450718686,0.880530974,0.358870968,0.111,-0.7,16.8,0.543,0.8,75
28,2010,Hasheem Thabeet,8.4801812,9.907134768,0.448471121,0.611551529,3.628539071,1.753114383,883,68,13,0.58778626,0.580645161,0,0.109,-0.4,12.9,0.605,0.4,7.480519481,9.116883117,0.514285714,1.402597403,2.805194805,1.916883117,0.603773585,0.603773585,0,0.134,0.8,11.6,0.619,0.5,57
29,2010,Marcus Thornton,20.32692308,4.057692308,2.192307692,1.115384615,0.211538462,1.461538462,1872,73,17,0.450736127,0.813559322,0.373801917,0.103,-0.4,17.4,0.55,0.8,19.10544612,3.775202781,1.898030127,1.27230591,0.083429896,1.418308227,0.428940569,0.880952381,0.372031662,0.089,-0.7,16.3,0.552,0.6,75
30,2010,Sam Young,16.21498864,5.477668433,1.417108251,0.92657078,0.545041635,2.561695685,1321,80,1,0.450704225,0.777142857,0.196428571,0.044,-4.4,13,0.518,-0.8,8.051948052,6.38961039,2.181818182,0.779220779,0.415584416,1.714285714,0.391891892,0.534883721,0.307692308,0.062,-2.8,7.5,0.464,-0.1,67
31,2011,Al-Farouq Aminu,11.33057851,6.619834711,1.487603306,1.462809917,0.619834711,2.553719008,1452,81,14,0.39408867,0.773109244,0.314685315,0.022,-3,9.6,0.499,-0.4,10.06943765,8.731540342,2.006845966,1.443520782,0.668948655,1.549144254,0.473684211,0.664233577,0.270833333,0.072,-0.3,13.2,0.516,0.9,74
32,2011,Omer Asik,8.335692619,11.13852376,1.164812942,0.728008089,2.038422649,2.329625885,989,82,0,0.553191489,0.503448276,0,0.13,-0.5,11.8,0.559,0.4,10.41322314,14.05785124,0.929752066,0.520661157,1.376033058,2.194214876,0.531578947,0.619047619,0,0.121,-2.4,14,0.57,-0.1,76
33,2011,Eric Bledsoe,10.61814231,4.360673547,5.65127648,1.799022271,0.508419337,3.79359044,1841,81,25,0.423868313,0.744360902,0.275862069,0.008,-2,10.8,0.499,0,19.39830508,5.13559322,5.974576271,1.754237288,0.355932203,3.63559322,0.476618705,0.772151899,0.357142857,0.14,2.9,19.6,0.578,1.8,81
34,2011,Trevor Booker,11.71777987,8.500470367,1.185324553,0.982126058,1.422389464,1.286923801,1063,65,14,0.549407115,0.673267327,0,0.119,-0.7,15.3,0.582,0.3,11.3818416,8.785576304,1.483580167,0.950418545,1.043142305,1.344494527,0.550868486,0.618421053,0,0.132,0.2,15,0.563,0.8,74
35,2011,Avery Bradley,11.55555556,3.777777778,2.666666667,2,0,3.555555556,162,31,0,0.343283582,0.5,0,-0.139,-9.7,2.2,0.36,-0.3,17.2916442,4.385983827,1.649595687,1.222641509,0.213477089,1.863072776,0.437575758,0.803571429,0.395,0.046,-2.5,12.7,0.51,-0.2,78
36,2011,DeMarcus Cousins,17.8207016,10.89822434,3.180597661,1.325249026,1.06019922,4.178432222,2309,81,62,0.430278885,0.686567164,0.166666667,0.022,-1.4,14.6,0.484,0.4,25.2845953,13.01827676,3.242819843,1.707571802,1.425587467,3.932114883,0.496221663,0.72605042,0,0.166,4.7,26.1,0.555,3.9,86
37,2011,Ed Davis,11.25842697,10.38202247,0.898876405,0.876404494,1.505617978,1.078651685,1602,65,17,0.576407507,0.5546875,0,0.119,0.3,15.8,0.583,0.9,13.44351464,9.790794979,1.016736402,0.640167364,1.619246862,1.506276151,0.534482759,0.528089888,0,0.129,-1.3,15.9,0.542,0.2,73
38,2011,Jeremy Evans,13.84017279,7.542116631,1.866090713,1.321814255,1.321814255,1.477321814,463,49,3,0.660869565,0.702702703,0,0.167,1.2,18.8,0.678,0.4,11.94044665,9.230769231,1.310173697,1.250620347,1.369727047,1.191066998,0.527108434,0.68,0,0.112,-0.1,16.2,0.549,0.6,70
39,2011,Derrick Favors,11.64802933,9.800183318,0.692942255,0.593950504,1.352887259,1.847846013,1091,56,23,0.510869565,0.612068966,0,0.083,-2.7,12.6,0.54,-0.2,15.86551567,10.4189005,1.488414357,1.226715129,1.766469786,2.109950023,0.522088353,0.669014085,0,0.112,0.7,19,0.556,1.5,78
40,2011,Landry Fields,11.29161747,7.381345927,2.195985832,1.133412043,0.240850059,1.515938607,2541,82,81,0.496677741,0.768707483,0.392694064,0.1,0.6,13.5,0.598,1.7,7.602484472,6.596273292,2.236024845,1.118012422,0.335403727,1.229813665,0.402985075,0.636363636,0,0.057,-2.9,8.6,0.443,-0.1,69
41,2011,Paul George,13.54624506,6.374703557,1.849802372,1.764426877,0.739920949,1.992094862,1265,61,19,0.453164557,0.762376238,0.297101449,0.091,0,13,0.542,0.6,21.57763975,6.732919255,3.51552795,1.875776398,0.273291926,2.782608696,0.423641703,0.864224138,0.364,0.178,4.7,20.1,0.555,4.9,89
42,2011,Blake Griffin,21.34318766,11.44087404,3.609254499,0.728791774,0.520565553,2.579691517,3112,82,82,0.505813954,0.641726619,0.291666667,0.152,3.2,21.9,0.549,4,24.26825009,9.518686692,3.885434859,1.156828502,0.641285365,2.816625917,0.528329654,0.715133531,0.272727273,0.205,4.6,23.9,0.583,4.8,89
43,2011,Gordon Hayward,11.4679803,4.108374384,2.39408867,0.886699507,0.561576355,2.068965517,1218,72,17,0.484641638,0.711340206,0.472972973,0.048,-2.8,10.7,0.578,-0.2,16.04571429,5.027142857,5.142857143,1.414285714,0.514285714,2.725714286,0.412790698,0.816272966,0.303571429,0.062,1,16.2,0.52,2.1,79
44,2011,Xavier Henry,11.27134725,2.527514231,1.229601518,0.75142315,0.204933586,0.888045541,527,38,16,0.40625,0.634615385,0.117647059,0.021,-6,7,0.451,-0.5,17.1277533,4.519823789,2.022026432,1.744493392,0.27753304,2.259911894,0.417391304,0.655367232,0.345679012,0.017,-3.6,12.3,0.511,-0.4,73
45,2011,Wesley Johnson,12.33639439,4.175930401,2.575157081,1.00918318,0.93958434,1.65297245,2069,79,63,0.397360704,0.695652174,0.356401384,0.03,-1.6,10.2,0.491,0.2,11.49107143,5.592857143,1.992857143,1.382142857,1.2375,1.446428571,0.425499232,0.792207792,0.36900369,0.041,0.2,11,0.522,1.2,73
46,2011,Greg Monroe,12.16741674,9.737173717,1.701170117,1.506750675,0.729072907,1.312331233,2222,80,48,0.550909091,0.622317597,0,0.143,2.5,18,0.575,2.5,16.71524164,10.17100372,2.288475836,1.217843866,0.628996283,2.221561338,0.496551724,0.656675749,0,0.106,0.3,18.1,0.531,1.6,80
47,2011,Timofey Mozgov,10.61135371,8.174672489,1.179039301,1.100436681,1.807860262,2.515283843,458,34,14,0.464285714,0.704545455,0,0.044,-3.6,10.3,0.514,-0.2,15.66101695,10.73898305,1.261016949,0.549152542,2.033898305,2.481355932,0.52293578,0.753846154,0.166666667,0.123,-0.5,16.7,0.584,0.7,74
48,2011,Gary Neal,16.72878338,4.187537092,2.051038576,0.576854599,0.085459941,1.666468843,1685,80,1,0.450949367,0.807692308,0.418831169,0.099,-1.1,13.1,0.578,0.4,17.85172982,2.965403624,2.728171334,0.415156507,0,2.313014827,0.389891697,0.833333333,0.36036036,-0.012,-6.8,11.2,0.5,-0.7,75
49,2011,Patrick Patterson,13.60368664,8.294930876,1.700460829,0.705069124,1.534562212,1.285714286,868,52,6,0.558052435,0.714285714,0,0.134,0.5,16.7,0.574,0.5,14.07155635,7.824686941,2.02862254,1.352415027,1.094812165,1.577817531,0.476839237,0.745454546,0.410714286,0.147,2.8,16.2,0.559,1.4,75
50,2011,Nikola Peković,14.57046223,7.833145434,1.095828636,0.730552424,1.420518602,3.693348365,887,65,11,0.517110266,0.763157895,0,0.035,-3.9,11.2,0.573,-0.4,20.43535779,10.13108839,1.082381239,0.649428743,0.49789537,1.818400481,0.540656205,0.746987952,0,0.169,0.2,20.7,0.582,0.9,81
51,2011,Kevin Séraphin,8.730708661,8.617322835,0.566929134,0.963779528,1.587401575,2.381102362,635,58,1,0.448979592,0.709677419,0,0.017,-4.5,8.4,0.479,-0.4,15.50865052,7.972318339,1.058823529,0.186851211,1.619377163,2.553633218,0.504545455,0.870967742,0,0.066,-5.2,12.5,0.533,-0.5,74
52,2011,Tiago Splitter,13.56097561,9.804878049,1.268292683,1.414634146,0.829268293,1.56097561,738,60,6,0.528795812,0.542857143,0,0.149,-0.7,16,0.55,0.2,13.68056648,10.28166798,2.549173879,0.821400472,0.878048781,2.124311566,0.523121387,0.699421965,0,0.163,1.9,16.5,0.572,1.3,77
53,2011,Evan Turner,11.31886477,6.130217028,3.185308848,0.98163606,0.280467446,1.602671119,1797,78,14,0.425330813,0.808,0.318181818,0.06,-2.4,10.8,0.484,-0.2,17.92364793,6.146341463,3.779427359,1.06892895,0.095440085,2.95864263,0.428399519,0.828947368,0.287878788,0.017,-3.8,13.2,0.504,-0.9,76
54,2011,Ekpe Udoh,8.248543689,6.326213592,1.398058252,0.768932039,3.005825243,1.677669903,1030,58,18,0.436936937,0.65625,0,0.032,-2,9.7,0.472,0,6.447761194,6.626865672,1.388059701,0.671641791,1.970149254,1.701492537,0.398601399,0.638297872,0,0,-3.5,7.6,0.44,-0.3,68
55,2011,Greivis Vásquez,10.42325581,3.055813953,6.320930233,0.920930233,0.167441861,2.930232558,860,70,1,0.407725322,0.772727273,0.290697674,0.03,-4.6,9.4,0.493,-0.6,15.94520548,3.808219178,6.246575342,0.684931507,0.109589041,2.767123288,0.417322835,0.855263158,0.389121339,0.096,-0.8,14.2,0.537,0.4,76
56,2011,John Wall,15.62394474,4.379125096,7.929393707,1.671527245,0.483499616,3.60552571,2606,69,64,0.409465021,0.765903308,0.295652174,0.041,-0.2,15.8,0.494,1.2,19.12348993,4.022818792,8.710067114,1.8,0.483221477,3.563758389,0.433059088,0.804568528,0.350649351,0.128,2.6,19.5,0.524,3.4,86
57,2012,Lavoy Allen,9.75,9.865384615,1.961538462,0.75,1.038461538,1.153846154,624,41,15,0.473053892,0.785714286,0,0.124,-1.3,12.7,0.488,0.1,10.59813084,10.86728972,2.456074766,0.504672897,1.413084112,1.345794393,0.471571906,0.70212766,0,0.127,0.8,14.9,0.493,0.8,72
58,2012,Bismack Biyombo,8.090721649,9.105154639,0.668041237,0.494845361,2.845360825,1.756701031,1455,63,41,0.464028777,0.482517483,0,0.019,-3.9,10.6,0.48,-0.7,8.804505229,11.78761062,0.463395012,0.521319389,2.867256637,1.506033789,0.543010753,0.582857143,0,0.156,-0.4,15.2,0.578,0.5,78
59,2012,Jimmy Butler,10.93036212,5.615598886,1.403899721,1.103064067,0.501392758,1.403899721,359,42,0,0.405063291,0.767857143,0.181818182,0.144,-1.3,12.5,0.526,0.1,18.63748508,5.42936729,3.037007561,1.633107839,0.515718265,1.332272185,0.461622807,0.833693305,0.378238342,0.214,4.7,21.3,0.583,4.2,88
60,2012,Norris Cole,12.6,2.6,3.8,1.257142857,0.057142857,3,1260,65,2,0.393333333,0.776470588,0.27631579,0,-5.9,7.9,0.452,-1.2,9.25087108,3.386759582,5.174216028,1.317073171,0.25087108,1.818815331,0.385620915,0.695652174,0.264705882,0.027,-2.9,9.9,0.452,-0.3,74
61,2012,Kenneth Faried,16.35101254,12.219865,1.24975892,1.180327869,1.631629701,1.87463838,1037,46,39,0.585760518,0.664634146,0,0.212,3.4,21.9,0.618,1.4,16.32598274,11.5282838,1.535953979,1.069990412,0.983700863,2.036433365,0.506793478,0.690972222,0.125,0.13,0.8,18.4,0.548,1.4,80
62,2012,Jimmer Fredette,14.65374449,2.315418502,3.425550661,0.95154185,0.095154185,2.125110132,1135,61,7,0.385650224,0.833333333,0.361111111,0.012,-4.4,10.8,0.495,-0.7,12.58939096,2.829076621,4.1021611,1.060903733,0.141453831,2.333988212,0.379518072,0.955555556,0.1875,0.021,-5.5,9.8,0.479,-0.4,68
63,2012,Tobias Harris,15.63256785,7.590814196,1.653444676,0.977035491,0.526096033,2.329853862,479,42,9,0.467455621,0.814814815,0.260869565,0.087,-3.5,14.2,0.54,-0.2,17.68847615,6.534402702,1.884339384,1.048543689,0.547066273,1.747572816,0.465753425,0.787755102,0.364016736,0.098,-0.3,16.7,0.551,1,79
64,2012,Kyrie Irving,21.81258023,4.413350449,6.354300385,1.24775353,0.462130937,3.697047497,1558,51,51,0.46854083,0.87244898,0.398907104,0.125,3.3,21.4,0.566,2.1,21.46813187,3.125274725,5.12967033,1.503296703,0.263736264,2.452747253,0.468016194,0.863013699,0.415343915,0.183,3.3,21.5,0.583,3.7,88
65,2012,Reggie Jackson,10.05988024,3.808383234,5.101796407,1.796407186,0.071856287,2.586826347,501,45,0,0.320754717,0.862068966,0.209677419,0.011,-3.9,9.2,0.408,-0.2,16.50643777,5.175965665,5.510729614,1.081545064,0.128755365,2.343347639,0.432291667,0.860869565,0.278481013,0.101,-0.4,15.6,0.511,0.6,83
66,2012,Enes Kanter,12.52173913,11.45080092,0.329519451,0.741418764,0.947368421,2.224256293,874,66,0,0.495762712,0.666666667,0,0.095,-4.7,14.5,0.539,-0.6,18.40723982,10.42533937,0.705882353,0.624434389,0.43438914,2.524886878,0.491408935,0.788135593,0.317073171,0.099,-4.1,17.5,0.535,-0.7,80
67,2012,Brandon Knight,14.322217,3.56787224,4.244246125,0.828558009,0.169093471,2.891498356,2129,66,60,0.414824447,0.759124088,0.380434783,0.029,-1.9,11.7,0.511,0,19.68483412,4.713270142,5.992890995,1.791469194,0.191943128,3.54028436,0.434899329,0.881443299,0.409448819,0.124,2.2,18.5,0.556,1.8,80
68,2012,Kawhi Leonard,11.89830508,7.674054759,1.642764016,1.994784876,0.563233377,1.032594524,1534,64,39,0.492574257,0.772727273,0.376146789,0.171,4.3,16.6,0.573,2.4,18.71716675,8.16330546,2.850959174,2.620757501,0.849975406,1.717658633,0.479318735,0.801587302,0.348958333,0.204,6.1,22,0.567,4.1,94
69,2012,Jon Leuer,14.14054054,7.783783784,1.621621622,0.908108108,1.102702703,1.167567568,555,46,12,0.507853403,0.75,0.333333333,0.122,-1.4,15.3,0.536,0.1,12.49514563,9.04368932,2.009708738,0.742718447,0.393203884,1.529126214,0.443223443,0.627118644,0.24137931,0.078,-3.1,11.9,0.478,-0.2,75
70,2012,Shelvin Mack,10.62901155,4.251604621,6.053915276,1.293966624,0.092426187,2.218228498,779,64,0,0.4,0.711864407,0.285714286,0.042,-3.9,11.9,0.468,-0.4,12.92196879,3.414165666,6.698679472,1.296518607,0.086434574,2.117647059,0.400684932,0.806451613,0.31496063,0.075,-3.1,13.2,0.489,-0.2,75
71,2012,E'Twaun Moore,11.96374622,3.589123867,3.697885196,1.196374622,0.326283988,2.283987915,331,38,0,0.380530974,1,0.377777778,0.031,-3.5,8.8,0.474,-0.1,10.64285714,3.285714286,2.357142857,1.428571429,0.428571429,1,0.446043166,0.6,0.342105263,0.08,-2.5,10.3,0.504,-0.1,73
72,2012,Markieff Morris,13.70171149,8.185819071,1.907090465,1.202933985,1.232273839,2.053789731,1227,63,7,0.399082569,0.716981132,0.346774194,0.059,-0.6,12.1,0.484,0.4,17.54668733,7.057729562,2.678031771,1.408756296,0.543975203,2.371173964,0.465454546,0.762931035,0.318435754,0.085,-0.2,15.8,0.523,1.2,76
73,2012,Chandler Parsons,11.95343681,5.986696231,2.67405765,1.456762749,0.578713969,1.616407982,1804,63,57,0.451730419,0.551282051,0.337078652,0.09,1.7,13.3,0.513,1.7,17.07776761,5.319304666,2.651418115,1.136322049,0.312900275,1.580969808,0.462002413,0.720207254,0.380403458,0.121,2.5,16.3,0.567,2.5,80
74,2012,Iman Shumpert,11.88739003,3.927272727,3.462756598,2.13255132,0.168914956,2.343695015,1705,59,35,0.400749064,0.798165138,0.305732484,0.068,0.1,10.8,0.484,0.9,10.64347826,5.595652174,2.230434783,1.995652174,0.508695652,1.917391304,0.41015625,0.666666667,0.338461539,0.065,0.6,11.1,0.508,0.6,74
75,2012,Isaiah Thomas,16.2826087,3.652173913,5.782608696,1.152173913,0.173913044,2.282608696,1656,65,37,0.448336252,0.832432432,0.378995434,0.124,0.5,17.6,0.574,1.1,21.36833192,3.322607959,5.212531753,1.371718882,0.152413209,2.712955123,0.42578125,0.872037915,0.391304348,0.162,1.5,19.7,0.579,1,86
76,2012,Lance Thomas,9.485714286,7.2,0.685714286,0.571428571,0.4,1.371428571,630,42,10,0.452380952,0.838709677,0,0.088,-3.6,10.1,0.541,-0.3,11.42307692,4.153846154,1.696153846,0.9,0.276923077,1.973076923,0.433544304,0.742424242,0.333333333,-0.022,-5.7,8.6,0.478,-1,74
77,2012,Klay Thompson,18.49253731,3.604477612,2.97761194,1.097014925,0.447761194,2.305970149,1608,66,29,0.442896936,0.868131868,0.414179105,0.05,-1.9,14.9,0.545,0.1,24.45947047,3.621995927,3.255397149,1.275763747,0.879837067,2.184928717,0.46343341,0.87890625,0.43853211,0.172,2.7,20.8,0.591,2.9,90
78,2012,Tristan Thompson,12.48876404,9.834269663,0.68258427,0.68258427,1.56741573,2.047752809,1424,60,25,0.438914027,0.552083333,0,0.038,-4.2,13.3,0.469,-0.8,11.37101185,10.78030994,0.639927074,0.557885141,1.000911577,1.36189608,0.547131148,0.641129032,0,0.148,-0.6,15.6,0.58,0.8,78
79,2012,Nikola Vučević,12.54679803,10.90640394,1.374384236,0.886699507,1.507389163,1.463054187,812,51,15,0.450171821,0.529411765,0.375,0.109,-2.1,14.3,0.462,0,20.32740214,11.53024911,2.09252669,0.768683274,0.768683274,2.106761566,0.523217247,0.752293578,0.333333333,0.133,0.5,21.5,0.548,1.6,82
80,2012,Kemba Walker,16.05133929,4.700892857,5.805803571,1.205357143,0.401785714,2.390625,1792,66,25,0.366362451,0.788732394,0.305309735,0.009,-1.2,14.9,0.464,0.3,18.26333176,3.737612081,5.402548372,1.512033978,0.526663521,1.698914582,0.385321101,0.826855124,0.303571429,0.101,2.2,17.6,0.486,2.3,84
81,2012,Derrick Williams,14.80112835,7.895627645,0.964739069,0.761636107,0.787023977,1.954866008,1418,66,15,0.411646586,0.697435897,0.268115942,0.059,-3.1,12.9,0.499,-0.4,15.19288646,4.974008208,1.23119015,0.837209302,0.098495212,1.378932969,0.44742268,0.683673469,0.314102564,0.069,-3.2,12.8,0.54,-0.5,74
82,2013,Harrison Barnes,13.0845481,5.825072886,1.714285714,0.909620991,0.244897959,1.766763848,2058,81,81,0.439490446,0.757894737,0.35862069,0.065,-2.4,11,0.526,-0.2,13.64544564,5.729676787,2.062683643,0.722820764,0.176297747,1.00489716,0.466034755,0.76119403,0.38317757,0.116,-0.2,12.3,0.559,0.9,80
83,2013,Will Barton,11.87919463,5.838926174,2.33557047,1.369127517,0.362416107,2.416107383,894,73,5,0.381877023,0.769230769,0.138461539,-0.028,-5.7,9.1,0.437,-0.8,18.02294943,7.282617935,3.105822354,1.086272843,0.596685083,2.126646834,0.432349949,0.805970149,0.344615385,0.088,-0.1,16,0.535,1.1,77
84,2013,Kent Bazemore,16.58426966,2.966292135,2.966292135,2.292134831,0.539325843,2.426966292,267,61,0,0.370689655,0.613636364,0.294117647,0.014,-4.9,11.3,0.454,-0.2,15.07057129,6.550168027,2.955352856,1.693710994,0.656745079,2.385021603,0.44137931,0.814569536,0.357377049,0.094,0.3,13.4,0.551,1.2,74
85,2013,Bradley Beal,16.09169054,4.353008596,2.826361032,1.031518625,0.598280802,1.856733524,1745,56,46,0.410480349,0.786163522,0.38559322,0.082,-0.1,13.6,0.515,0.9,20.19203747,3.962529274,3.414519906,1.138173302,0.231850117,2.360655738,0.44931164,0.767045455,0.387453875,0.076,-0.6,15.5,0.547,0.6,87
86,2013,Patrick Beverley,11.51192146,5.503506311,5.90743338,1.868162693,1.060308555,2.221598878,713,41,0,0.417989418,0.829268293,0.375,0.148,3.4,15.4,0.551,1,12.34688878,4.409603136,4.215580598,1.658010779,0.458598726,1.605095541,0.434343434,0.681818182,0.4,0.102,1.1,13,0.553,1.6,78
87,2013,Jae Crowder,10.43015521,4.975609756,2.501108647,1.676274945,0.45232816,1.303769401,1353,78,16,0.384196185,0.643835616,0.328125,0.055,-0.5,10.2,0.491,0.5,16.19064125,5.818024263,2.105719237,1.965337955,0.54592721,1.294627383,0.442804428,0.820083682,0.336088154,0.152,2.8,15.8,0.565,2.8,80
88,2013,Anthony Davis,16.90790899,10.17984832,1.228602384,1.462621885,2.184182015,1.735644637,1846,64,60,0.516272189,0.751111111,0,0.159,2.3,21.7,0.559,2,24.63770795,10.43068392,1.929759704,1.297597043,2.07948244,2.012939002,0.492957747,0.758139535,0.324074074,0.16,2.2,25,0.559,2.3,94
89,2013,Andre Drummond,13.78600161,13.23572003,0.868865648,1.708769107,2.751407884,1.65084473,1243,60,10,0.608187135,0.371069182,0.5,0.172,2.4,21.6,0.578,1.4,17.74343586,16.17704426,0.904726182,1.606901725,1.512378095,2.093023256,0.520754717,0.354948806,0.333333333,0.133,-0.5,21.2,0.499,1,85
90,2013,Festus Ezeli,6.139285714,10.06071429,0.707142857,0.739285714,2.378571429,2.025,1120,78,41,0.437869823,0.530864198,0,0.066,-1.4,9.3,0.467,0.2,14.96103896,12.01558442,1.496103896,0.841558442,2.337662338,1.776623377,0.548245614,0.53030303,0,0.171,-0.1,17.7,0.559,0.4,76
91,2013,Evan Fournier,16.99065421,2.943925234,3.700934579,1.598130841,0.08411215,2.691588785,428,38,4,0.493421053,0.769230769,0.407407407,0.115,-0.9,13.8,0.597,0.1,17.01792673,3.156664069,2.988308652,1.346843336,0.028059236,1.865939205,0.461786868,0.836134454,0.4,0.106,0.7,14.6,0.587,1.7,78
92,2013,Draymond Green,7.702167766,8.821866164,1.798303487,1.425070688,0.848256362,1.730442978,1061,79,1,0.326848249,0.818181818,0.208955224,0.028,-3.1,7.1,0.404,-0.3,14.5,9.858974359,7.666666667,1.525641026,1.448717949,3.320512821,0.48962149,0.696048632,0.387596899,0.19,5.8,19.3,0.587,5.5,86
93,2013,Maurice Harkless,11.39817629,6.109422492,0.911854103,1.604863222,1.130699088,1.258358663,1974,76,59,0.460992908,0.5703125,0.273504274,0.059,-1,12.5,0.504,0.5,12.30473576,6.918325326,1.655456417,1.210706932,0.864790666,1.531914894,0.474452555,0.621621622,0.278571429,0.096,-0.2,13.3,0.541,0.7,67
94,2013,John Henson,16.54171705,12.9286578,1.349455865,0.827085853,1.828295042,2.045949214,827,63,9,0.482142857,0.533333333,0,0.109,-2.9,18.2,0.497,-0.2,14.8875,8.2875,2.025,0.675,4.0875,2.4,0.563573883,0.58974359,0,0.117,1.6,18.6,0.58,0.9,75
95,2013,Chris Johnson,14.83098592,7.605633803,1.014084507,0.887323944,3.549295775,1.647887324,284,30,0,0.64,0.617647059,0,0.176,1.9,18.4,0.65,0.3,8.611435239,5.544924154,1.890315053,1.344224037,0.840140023,1.680280047,0.371134021,0.80952381,0.272727273,0.059,-1.4,8.2,0.482,0.1,65
96,2013,Meyers Leonard,11.25373134,7.611940299,0.985074627,0.328358209,1.134328358,1.462686567,1206,69,9,0.545126354,0.808988764,0.428571429,0.097,-2.6,12.1,0.596,-0.2,13.80045011,8.48012003,2.484621155,0.216054014,0.48612153,2.07951988,0.448275862,0.760869565,0.377192983,0.078,-1.5,11.3,0.561,0.2,71
97,2013,Damian Lillard,17.75560467,2.921376697,6.035996211,0.841174613,0.215977266,2.762235554,3167,82,82,0.429347826,0.84423676,0.367793241,0.088,0.3,16.4,0.546,1.9,25.27802691,4.062780269,6.887892377,0.874439462,0.376681614,3.255605381,0.4192673,0.892241379,0.375409836,0.165,3.7,22.2,0.56,3.8,90
98,2013,Kendall Marshall,7.333333333,2.153846154,7.333333333,1.128205128,0.205128205,2.923076923,702,48,3,0.370860927,0.571428571,0.315068493,-0.012,-7.3,7.8,0.455,-0.9,9.99,2.52,6.57,1.44,0.18,3.87,0.36440678,0.692307692,0.326530612,-0.064,-8.8,6.7,0.449,-0.7,68
99,2013,Donatas Motiejūnas,16.72862454,6.223048327,2.074349442,0.468401487,0.669144981,2.475836431,538,44,14,0.455399061,0.62745098,0.289156627,0.061,-2.9,12.2,0.531,-0.1,15.13711152,7.173674589,2.698354662,1.118829982,0.329067642,2.895795247,0.43902439,0.641509434,0.280701754,0.026,-4.3,11.3,0.504,-0.3,74
100,2013,Andrew Nicholson,16.91913531,7.436349079,1.268214572,0.691753403,0.92233787,2.277021617,1249,75,28,0.526748971,0.79787234,0,0.065,-4.4,15.1,0.557,-0.8,16.79708384,8.792223572,1.093560146,0.437424058,0.962332928,1.793438639,0.470967742,0.784615385,0.359649123,0.092,-3.7,14.8,0.567,-0.4,69
101,2013,Kyle O'Quinn,13.09090909,11.79310345,2.934169279,0.620689655,1.467084639,2.087774295,638,57,5,0.512690355,0.666666667,0,0.107,-0.9,15.8,0.535,0.2,14.56020942,11.78010471,3.392670157,0.942408377,2.308900524,2.87434555,0.47601476,0.766666667,0.227272727,0.103,0.7,17.5,0.52,0.5,76
102,2013,Pablo Prigioni,7.83847981,4.076009501,6.726840855,1.966745843,0.057007126,2.451306413,1263,78,18,0.454545455,0.88,0.395522388,0.123,0.6,13,0.595,0.8,6.342648846,4.986634265,5.686512758,2.318347509,0.043742406,2.143377886,0.37414966,0.875,0.294736842,0.087,0.4,10.2,0.482,0.5,71
103,2013,Austin Rivers,9.57122708,2.767277856,3.22425952,0.660084626,0.228490832,1.878702398,1418,61,26,0.371794872,0.546296296,0.325581395,-0.038,-5.6,5.9,0.431,-1.3,14.58196721,3.196721311,2.43442623,1.180327869,0.221311475,1.5,0.437984496,0.681034483,0.335135135,0.063,-2.2,11.1,0.523,-0.1,76
104,2013,Brian Roberts,15.09063444,2.637462236,5.954682779,1.006042296,0.081570997,1.930513595,1324,78,5,0.416829746,0.909090909,0.385620915,0.078,-2.5,14.6,0.509,-0.2,15.67567568,3.135135135,4.108108108,0.756756757,0.108108108,1.72972973,0.443478261,0.918918919,0.333333333,0.108,-3.8,13.9,0.552,-0.2,72
105,2013,Thomas Robinson,10.99134734,10.5908529,1.60197775,1.112484549,0.934487021,2.892459827,809,51,0,0.423868313,0.577464789,0,-0.01,-4.8,10.6,0.45,-0.6,12.0523446,14.09378408,1.805888768,1.531079607,1.413304253,2.708833152,0.446735395,0.431192661,0,0.033,-2.9,14.5,0.453,-0.2,73
106,2013,Terrence Ross,13.56900726,4.18401937,1.539951574,1.249394673,0.406779661,1.394673123,1239,73,2,0.407002188,0.714285714,0.331632653,0.034,-2.9,10.4,0.491,-0.3,14.83686319,3.812249571,1.153978248,1.11276474,0.515168861,0.947910704,0.431309904,0.790322581,0.386430679,0.1,-0.2,12.9,0.551,0.8,76
107,2013,Mike Scott,17.5212766,10.53191489,1.14893617,0.382978723,0.191489362,2.010638298,376,40,1,0.476190476,0.767857143,0,0.11,-6.4,16.3,0.533,-0.4,14.57591623,6.471204188,2.45026178,0.785340314,0.534031414,1.319371728,0.468085106,0.793650794,0.392405063,0.132,-0.6,14,0.575,0.4,72
108,2013,Kyle Singler,11.3039686,5.180985608,1.208896642,0.894897514,0.580898386,1.538595726,2293,82,74,0.42834891,0.806451613,0.35,0.048,-1.9,10,0.517,0.1,8.511770727,5.195496418,0.884339816,1.10542477,0.331627431,1.179119754,0.389140272,0.659090909,0.309278351,0.054,-2.5,6.6,0.481,-0.1,68
109,2013,Jared Sullinger,10.89686099,10.65470852,1.412556054,0.887892377,0.887892377,1.170403587,892,45,5,0.493333333,0.746031746,0.2,0.146,-0.6,13.5,0.534,0.3,15.67832898,12.65169713,3.5154047,1.409921671,0.883550914,1.917493473,0.435483871,0.639751553,0.281553398,0.121,1.1,16.7,0.476,1.5,77
110,2013,Mirza Teletović,13.56312625,6.853707415,1.659318637,0.937875752,0.577154309,1.442885772,499,53,0,0.383783784,0.818181818,0.342592593,0.087,-1.1,12.3,0.495,0.1,20.60498221,6.448398577,1.900355872,0.683274021,0.448398577,1.793594306,0.427284427,0.774193548,0.393478261,0.109,-0.5,16.2,0.571,0.7,71
111,2013,Jonas Valančiūnas,13.45748988,9.036437247,1.093117409,0.412955466,1.894736842,2.28340081,1482,62,57,0.557377049,0.789189189,0,0.127,-0.5,15.6,0.619,0.6,17.75722543,12.64739884,0.971098266,0.578034682,1.849710983,1.965317919,0.565298508,0.76056338,0,0.211,1.1,22.6,0.61,1.2,81
112,2013,Dion Waiters,18.32801822,3.054669704,3.751708428,1.209567198,0.328018223,2.480637813,1756,61,48,0.412269939,0.746478873,0.310344828,0.026,-3.2,13.7,0.492,-0.5,12.7472119,3.379182156,2.576208178,1.355018587,0.250929368,2.007434944,0.399433428,0.713375796,0.358333333,0.046,-2.1,9.4,0.492,-0.1,79
113,2013,Tyler Zeller,10.80177078,7.756025578,1.699950812,0.619773733,1.239547467,1.682242991,2033,77,55,0.438282648,0.76433121,0,0.048,-2.3,11,0.486,-0.1,18.45633803,9.025352113,1.470422535,0.507042254,1.115492958,2.332394366,0.475862069,0.814814815,0,0.114,-4.4,15.4,0.539,-0.4,77
114,2014,Steven Adams,7.969924812,9.984962406,1.293233083,1.203007519,1.714285714,2.135338346,1197,81,20,0.502702703,0.580882353,0,0.114,0.3,11.2,0.541,0.7,13.63750523,9.237337798,1.295939724,1.341146923,1.175387191,2.200083717,0.570992366,0.610894942,0,0.13,0.6,16.5,0.589,1.5,83
115,2014,Giannis Antetokounmpo,9.963099631,6.433315762,2.846599895,1.138639958,1.15761729,2.315234581,1897,77,23,0.413875598,0.683168317,0.347457627,0.031,-1.8,10.8,0.518,0.1,23.18172232,8.857644991,5.491739895,1.657644991,1.910720562,2.960984183,0.521048451,0.769607843,0.272222222,0.21,7.6,26.1,0.599,6.9,95
116,2014,Reggie Bullock,10.48101266,4.921518987,1.093670886,0.820253165,0.091139241,1.184810127,395,43,0,0.355371901,0.777777778,0.301369863,0.019,-4.7,6.7,0.46,-0.3,10.86937901,4.933618844,2.235546039,1.3875803,0.231263383,0.770877944,0.421875,0.714285714,0.383561644,0.101,0.1,11.7,0.538,0.2,73
117,2014,Trey Burke,14.24403183,3.310344828,6.302387268,0.668435013,0.095490716,2.084880637,2262,70,68,0.380156076,0.902654867,0.330357143,0.02,-2.5,12.6,0.473,-0.3,14.59459459,2.406827881,5.120910384,0.563300142,0.256045519,2.458036984,0.454901961,0.75862069,0.442857143,0.036,-5.7,10.8,0.532,-0.7,75
118,2014,Kentavious Caldwell-Pope,10.68856601,3.547694251,1.25078964,1.705622236,0.272899558,0.636765635,1583,80,41,0.395652174,0.770491803,0.318918919,0.055,-2.1,9.4,0.483,0,14.90391459,3.53024911,2.747330961,1.266903915,0.170818505,1.224199288,0.398706897,0.832432432,0.350114417,0.086,0.9,12.8,0.519,1.8,77
119,2014,Michael Carter-Williams,17.4034797,6.516984258,6.576636288,1.938690969,0.641259321,3.683512842,2414,70,70,0.40512334,0.702997275,0.264423077,0.026,-0.2,15.5,0.48,1.1,12.63829787,6.510638298,4.808510638,1.617021277,0.978723404,2.808510638,0.366013072,0.753246753,0.234375,0.013,-2.4,9.9,0.437,-0.1,70
120,2014,Matthew Dellavedova,9.601888277,3.483870968,5.296616837,0.934697089,0.141620771,1.699449253,1271,72,4,0.412162162,0.791666667,0.367741936,0.078,-2.1,10.7,0.534,0,10.4592145,2.664652568,6.471299094,0.960725076,0,2.410876133,0.389513109,0.854166667,0.367441861,0.029,-4.7,9.4,0.501,-1.4,73
121,2014,Gorgui Dieng,12.58679707,13.20293399,1.716381418,1.320293399,2.200488998,2.376528117,818,60,15,0.497797357,0.634408602,1,0.129,0.7,16.5,0.534,0.5,11.07274783,8.779494911,2.143987938,1.194119864,1.289106672,1.451941199,0.502269289,0.814371258,0.372093023,0.103,1.8,14.2,0.555,2.5,75
122,2014,Rudy Gobert,8.626728111,12.85714286,0.580645161,0.66359447,3.400921659,2.65437788,434,45,0,0.486486487,0.492307692,0,0.045,-4.3,12.9,0.507,-0.3,14.91690962,13.5787172,1.272594752,0.642857143,2.807580175,1.928571429,0.6608,0.653361345,0,0.25,5.8,23.3,0.681,5.4,86
123,2014,Tim Hardaway,15.8208,2.3232,1.2672,0.8448,0.1344,0.9024,1875,81,1,0.427947598,0.828125,0.363128492,0.08,-2.3,12.7,0.554,-0.1,19.10306407,3.743732591,3.04178273,0.919220056,0.250696379,1.771587744,0.45504386,0.76635514,0.357314149,0.107,-0.3,15.2,0.568,0.9,79
124,2014,Alex Len,8.552486188,9.845303867,0.397790055,0.397790055,1.790055249,2.585635359,362,42,3,0.423076923,0.64516129,0,0.024,-5.9,7.3,0.469,-0.4,14.14615385,11.76923077,1.015384615,0.876923077,2.261538462,2.353846154,0.496760259,0.721153846,0.25,0.091,-1.7,15,0.553,0.1,79
125,2014,CJ McCollum,15.20168067,3.630252101,2.042016807,1.058823529,0.151260504,2.647058824,476,38,0,0.415730337,0.676470588,0.375,0.019,-4.1,9,0.521,-0.3,23.65236052,3.721030043,3.669527897,0.927038627,0.540772532,2.214592275,0.480222068,0.911564626,0.421412301,0.131,1,19.9,0.585,2.1,85
126,2014,Ben McLemore,11.85185185,3.868312757,1.349794239,0.740740741,0.296296296,1.580246914,2187,82,55,0.375552283,0.804195804,0.31986532,0.016,-3.2,7.7,0.485,-0.6,15.15306122,3.948979592,1.56122449,0.887755102,0.183673469,1.897959184,0.429594272,0.752688172,0.382352941,0.015,-4.9,9.8,0.538,-0.9,72
127,2014,Shabazz Muhammad,17.75172414,6.579310345,0.744827586,0.993103448,0.124137931,1.986206897,290,37,0,0.459677419,0.65,0.272727273,0.053,-6.2,13.1,0.505,-0.3,18.33245383,5.224274406,0.831134565,0.522427441,0.142480211,1.329815303,0.481605351,0.773684211,0.337931035,0.086,-4.4,14.9,0.566,-0.9,73
128,2014,Victor Oladipo,16.00965018,4.762364294,4.733413752,1.867310012,0.535585042,3.705669481,2487,80,44,0.418803419,0.779874214,0.327433628,0.026,-0.8,13.6,0.514,0.7,17.28712871,4.714671467,2.851485149,1.263726373,0.340234023,1.927992799,0.442060086,0.753246753,0.360795455,0.085,-1.3,13.6,0.534,0.4,88
129,2014,Kelly Olynyk,15.60857143,9.385714286,2.802857143,0.9,0.694285714,2.725714286,1400,70,9,0.466135458,0.81147541,0.350877193,0.101,0.5,15.2,0.546,0.9,15.86996099,8.44993498,3.464239272,1.006501951,0.678803641,2.247074122,0.511811024,0.731707317,0.354166667,0.127,0.7,15.3,0.603,1,77
130,2014,Mason Plumlee,14.68235294,8.696470588,1.694117647,1.383529412,1.552941176,2.174117647,1275,70,22,0.658940397,0.625641026,0,0.176,2.4,19,0.67,1.4,14.176781,10.2585752,5.081794195,1.187335092,1.496042216,2.089709763,0.531674208,0.566964286,0,0.147,3.1,18.9,0.552,2,76
131,2014,Otto Porter,8.802507837,6.432601881,1.128526646,0.902821317,0.112852665,1.579937304,319,37,0,0.362637363,0.666666667,0.190476191,-0.006,-6.8,6,0.405,-0.4,14.85604607,7.103262956,1.672168906,1.603071017,0.580422265,0.60806142,0.515566625,0.831932773,0.434017595,0.173,3.9,17.3,0.628,3.9,82
132,2014,Andre Roberson,6.766917293,8.481203008,1.353383459,1.714285714,0.902255639,1.714285714,399,40,16,0.485294118,0.7,0.153846154,0.099,-0.3,9,0.518,0.2,7.909090909,6.106060606,1.196969697,1.424242424,1.196969697,0.772727273,0.464362851,0.423423423,0.244565217,0.085,0,9.6,0.51,1.2,75
133,2014,Dennis Schröder,10.27769111,3.369734789,5.223088924,0.95475819,0,3.425897036,641,49,0,0.382978723,0.674418605,0.238095238,-0.054,-8.3,5.8,0.442,-1,20.48450704,3.592756539,7.228973843,1.072032193,0.231790745,3.737625755,0.45140033,0.854901961,0.340136054,0.071,-0.7,16.1,0.533,0.8,82
134,2014,Tony Snell,10.11860276,3.626320065,1.988627132,0.848090983,0.43866775,1.286758733,1231,77,12,0.383928571,0.756097561,0.320224719,0.063,-3,8,0.489,-0.3,10.52568493,3.821917808,1.479452055,0.84760274,0.215753425,0.84760274,0.454713494,0.810344828,0.405633803,0.071,-0.8,9.7,0.603,0.7,75
135,2014,Hollis Thompson,9.526980482,5.104477612,1.508610792,1.095292767,0.247990815,1.239954076,1742,77,41,0.459677419,0.712328767,0.401197605,0.055,-3,9.5,0.57,-0.4,10.97326203,5.390374332,1.668449198,0.898395722,0.385026738,0.577540107,0.41509434,0.65,0.366197183,0.06,-3,9,0.51,-0.1,72
136,2014,Jeff Withey,10,7.894736842,1.368421053,0.789473684,2.631578947,1.052631579,684,58,4,0.534883721,0.712328767,0,0.128,0.3,15.2,0.59,0.4,12.16666667,10.08333333,0.583333333,1.333333333,2.666666667,1.166666667,0.533980583,0.75,0,0.205,1.6,18.8,0.588,0.4,73
137,2014,Cody Zeller,12.45762712,8.974576271,2.338983051,1.016949153,1.042372881,2.211864407,1416,82,3,0.425742574,0.73,0,0.09,-1.3,13.1,0.498,0.2,13.33565217,8.452173913,2.066086957,1.293913043,1.210434783,1.356521739,0.571106095,0.678571429,0,0.157,2.1,16.7,0.604,1.8,77
138,2015,Kyle Anderson,7.441340782,7.240223464,2.815642458,1.508379888,0.703910615,1.005586592,358,33,8,0.348314607,0.642857143,0.272727273,0.044,-2.7,8.2,0.389,-0.1,10.6471183,7.207280081,3.676440849,2.093023256,1.092012133,1.710819009,0.52739726,0.712328767,0.333333333,0.151,4.1,15.9,0.582,3,74
139,2015,Tarik Black,12.28393524,10.80448319,1.524283935,0.582814446,0.98630137,1.300124533,803,38,27,0.589473684,0.561797753,0,0.129,-0.5,16.3,0.598,0.3,12.08955224,10.94776119,0.873134328,1.410447761,2.014925373,2.350746269,0.590551181,0.46031746,0.090909091,0.136,-1,14.3,0.582,0.1,73
140,2015,Bojan Bogdanović,13.59223301,4.13592233,1.32038835,0.660194175,0.174757282,1.514563107,1854,78,28,0.453125,0.820754717,0.35546875,0.062,-1.8,11.6,0.562,0.1,16.67045455,3.944805195,1.738636364,0.803571429,0.116883117,1.548701299,0.474178404,0.868292683,0.401554404,0.105,-0.7,13.9,0.605,0.8,83
141,2015,Jordan Clarkson,17.14634146,4.658536585,5.024390244,1.243902439,0.292682927,2.341463415,1476,59,38,0.447986577,0.829113924,0.314049587,0.078,-0.3,16.9,0.528,0.6,22.09872611,4.557324841,4.958598726,1.117834395,0.085987261,2.722929936,0.448275862,0.795454546,0.323809524,0.08,-1.3,16.9,0.532,0.2,79
142,2015,Spencer Dinwiddie,11.47252747,3.797802198,8.228571429,1.503296703,0.474725275,2.610989011,455,34,1,0.301775148,0.911764706,0.184615385,0.009,-4.2,10.2,0.394,-0.2,15.72072853,4.043365134,8.180398959,1.061578491,0.359063313,1.998265395,0.386634845,0.813432836,0.325635104,0.118,0.2,15.9,0.527,1.3,82
143,2015,James Ennis,10.6869648,6.028544244,1.64414843,0.856327307,0.582302569,1.335870599,1051,62,3,0.408906883,0.840425532,0.32631579,0.088,-1.5,11.5,0.541,0.1,10.5982906,5.367521368,1.675213675,1.094017094,0.41025641,1.299145299,0.486486487,0.876712329,0.357142857,0.093,-0.7,11.9,0.61,0.3,73
144,2015,Langston Galloway,13.16952642,4.6945779,3.70624571,1.284831846,0.296499657,1.507206589,1457,45,41,0.399217221,0.807692308,0.352272727,0.043,-1.1,12.3,0.489,0.3,15.01738123,3.837775203,2.419466976,1.460023175,0.208574739,0.750869061,0.370588235,0.804878049,0.344036697,0.08,-1.7,12.2,0.503,0.1,72
145,2015,Aaron Gordon,10.9761606,7.633626098,1.490589711,0.948557089,0.993726474,1.716436637,797,47,8,0.447115385,0.721311475,0.270833333,0.06,-2.8,11.4,0.517,-0.2,19.27291776,8.618124673,2.564693557,1.112624411,0.848611839,2.017810372,0.433526012,0.697777778,0.33625731,0.072,0,16.5,0.53,1,80
146,2015,Jerami Grant,10.74509804,5.176470588,2.065359477,1.045751634,1.777777778,2.222222222,1377,65,11,0.352272727,0.590673575,0.314102564,0.019,-3.3,8.7,0.47,-0.5,14.90710383,6.972677596,1.245901639,0.677595628,1.683060109,1.180327869,0.535087719,0.675,0.290909091,0.156,-0.6,16.2,0.607,0.6,77
147,2015,Gary Harris,9.413073713,3.204450626,1.45201669,1.9527121,0.350486787,1.902642559,719,55,6,0.304147465,0.744680851,0.203883495,-0.046,-4.3,4.9,0.395,-0.4,18.28125,2.75,3.03125,1.90625,0.234375,1.859375,0.484581498,0.827160494,0.395939086,0.114,0.9,16.5,0.597,1.7,79
148,2015,Joe Harris,9.931034483,2.993914807,1.898580122,0.511156187,0.146044625,1.971602434,493,51,1,0.4,0.6,0.369047619,0.018,-4.5,5.6,0.537,-0.3,15.42075949,4.739240506,2.333164557,0.637974684,0.364556962,1.658734177,0.491143317,0.826923077,0.418994413,0.097,0.1,13.3,0.634,1.1,78
149,2015,Rodney Hood,14.65037594,3.958646617,2.808270677,1.015037594,0.406015038,1.522556391,1064,50,21,0.414438503,0.7625,0.364705882,0.098,-1.1,12.3,0.529,0.2,21.75276753,3.686346863,2.158671587,0.996309963,0.232472325,2.092250923,0.423913044,0.87628866,0.389312977,0.085,-1.6,15.1,0.551,0.1,75
150,2015,Joe Ingles,8.521219366,3.765690377,3.916317992,1.549312612,0.215182307,2.108786611,1673,79,32,0.415254237,0.75,0.356435644,0.062,-0.8,9.6,0.533,0.5,13.12645462,4.803723817,5.474010861,1.256788208,0.279286268,2.220325834,0.466573816,0.795180723,0.439655172,0.141,3.1,14.4,0.623,3.3,78
151,2015,Tyler Johnson,11.34328358,4.835820896,2.507462687,1.970149254,0.537313433,1.791044776,603,32,2,0.419161677,0.680851064,0.375,0.06,-1.1,12,0.506,0.1,14.78947368,4.350877193,2.894736842,1.052631579,0.596491228,1.421052632,0.434599156,0.821705426,0.367283951,0.097,-0.2,13,0.549,0.9,75
152,2015,Doug McDermott,12.22429907,4.822429907,0.672897196,0.448598131,0.112149533,1.906542056,321,36,0,0.401869159,0.666666667,0.317073171,-0.005,-8,6.1,0.48,-0.5,12.1331058,4.116040956,1.535836177,0.307167236,0.368600683,1.044368601,0.460365854,0.754716981,0.386861314,0.055,-2.5,9.9,0.562,-0.1,74
153,2015,Nikola Mirotić,18.1305925,8.793228537,2.111245466,1.175332527,1.175332527,1.937122128,1654,82,3,0.405448718,0.802816901,0.31629393,0.165,1.2,17.9,0.556,1.3,18.12385321,10.1559633,1.69266055,1.197247706,1.073394495,1.279816514,0.426701571,0.810344828,0.335025381,0.106,-0.2,16.3,0.539,0.4,80
154,2015,Shabazz Napier,9.28458498,4.019762846,4.624505929,1.422924901,0.14229249,2.881422925,1012,51,10,0.381578947,0.785714286,0.36440678,0.024,-2.6,9.3,0.517,-0.2,15.10358306,3.986970684,3.517915309,1.899674267,0.328338762,2.110749186,0.419962335,0.84057971,0.376146789,0.101,0.2,14.2,0.544,0.8,76
155,2015,Nerlens Noel,11.58978797,9.517957594,1.993942016,2.071830376,2.212029424,2.274340113,2311,75,71,0.462480858,0.608695652,0,0.083,0.8,15,0.493,1.6,9.991525424,12.81355932,1.525423729,2.36440678,1.677966102,1.983050847,0.523809524,0.75,0,0.135,1,16.2,0.558,0.4,77
156,2015,Jusuf Nurkić,13.90389846,12.46781505,1.631912965,1.697189483,2.219401632,2.806890299,1103,62,27,0.446475196,0.636363636,0,0.069,-0.6,14.8,0.483,0.4,19.51724138,12.20689655,2.465517241,1.103448276,1.913793103,3.155172414,0.504731861,0.63003663,0,0.108,0.3,19.2,0.528,1.2,85
157,2015,Johnny O'Bryant,9.782608696,6.260869565,1.663043478,0.489130435,0.391304348,2.445652174,368,34,15,0.366666667,0.444444444,0,-0.063,-9,3.8,0.379,-0.7,16.24274406,8.833773087,1.329815303,0.854881267,0.569920844,1.424802111,0.397660819,0.84,0.325581395,0.038,-5.3,11.9,0.47,-0.3,69
158,2015,Elfrid Payton,10.57292085,5.047810366,7.709120129,2.053836882,0.2892728,2.936118923,2489,82,63,0.425141243,0.551401869,0.261904762,0.044,-0.7,13.8,0.456,0.8,16.41050119,4.983293556,7.875894988,1.832935561,0.45823389,3.264916468,0.519650655,0.631578947,0.373134328,0.104,1.1,18.1,0.564,1,77
159,2015,Marcus Smart,10.41371681,4.420353982,4.14159292,1.971238938,0.35840708,1.792035398,1808,67,38,0.36687631,0.645669291,0.334558824,0.077,1.1,11,0.491,1.4,12.26765799,4.215613383,5.776951673,1.583643123,0.513011152,2.87732342,0.366990291,0.729323308,0.301204819,0.056,-0.5,10.8,0.479,0.6,79
160,2015,Nik Stauskas,10.18988465,2.811002662,2.140195209,0.638864241,0.543034605,1.277728483,1127,73,1,0.364864865,0.859375,0.322147651,0.021,-3.9,7.5,0.492,-0.5,13.33054393,4.744769874,2.861924686,0.376569038,0.30125523,1.656903766,0.393333333,0.703703704,0.404040404,0.038,-3.9,9.8,0.547,-0.2,73
161,2015,T.J. Warren,14.36482085,4.983713355,1.465798046,1.055374593,0.527687296,1.583061889,614,40,1,0.528037383,0.736842105,0.238095238,0.085,-2.1,14,0.551,0,21.36134454,5.596638655,1.428571429,1.092436975,0.68907563,1.428571429,0.497648166,0.756862745,0.222222222,0.077,-1.9,17.6,0.541,0.1,81
162,2015,Andrew Wiggins,16.81778377,4.534860222,2.061300101,1.042775345,0.606264736,2.146177164,2969,82,82,0.437115216,0.759656652,0.30952381,0.034,-2.3,13.9,0.517,-0.2,17.54682779,4.326283988,1.933534743,1.099697885,0.616314199,1.667673716,0.437692308,0.643312102,0.331360947,0.034,-2.5,13,0.505,-0.4,80
163,2016,Justin Anderson,11.57341577,7.344667697,1.613601236,1.057187017,1.391035549,1.335394127,647,55,9,0.405714286,0.8,0.265060241,0.083,-1.2,12.3,0.522,0.1,13.84017279,6.531317495,1.788336933,1.710583153,1.010799136,1.788336933,0.407643312,0.742857143,0.311688312,0.043,-3.2,11.2,0.516,-0.1,72
164,2016,Nemanja Bjelica,10.3144186,7.03255814,2.779534884,0.870697674,0.703255814,1.573953488,1075,60,0,0.468085106,0.727272727,0.384,0.087,0.3,11.2,0.594,0.6,14.91946309,8.939597315,2.959731544,1.087248322,1.127516779,1.651006711,0.478920742,0.760869565,0.40077821,0.122,2,15.4,0.585,1.8,77
165,2016,Devin Booker,17.89753321,3.193548387,3.415559772,0.75142315,0.341555977,2.732447818,2108,76,51,0.423298731,0.83984375,0.342560554,0.043,-3.1,11.9,0.535,-0.6,27.2970562,4.255129349,6.952720785,0.899197145,0.208742195,4.239072257,0.466932271,0.865638767,0.326086957,0.076,0.8,20.2,0.584,1.6,86
166,2016,Willie Cauley-Stein,11.80453258,8.974504249,0.943342776,1.223796034,1.682719547,1.172804533,1412,66,39,0.563421829,0.648,0,0.13,0.7,15.3,0.588,1,15.69814731,11.02937189,3.155896972,1.561680976,0.829643019,1.366470854,0.556005398,0.551181102,0.5,0.146,2,18,0.566,2.3,79
167,2016,Pat Connaughton,9.062937063,8.055944056,2.517482517,0.503496504,0,2.517482517,143,34,0,0.265306122,1,0.238095238,-0.076,-8.2,4.6,0.352,-0.2,12.01903251,7.365582871,3.48295004,0.942109437,0.71371927,0.942109437,0.465714286,0.725,0.33,0.149,1.6,13.6,0.573,1.2,74
168,2016,Cristiano Felício,11.77570093,11.43925234,2.91588785,0.672897196,1.457943925,1.457943925,321,31,4,0.555555556,0.714285714,0,0.175,0.9,17.6,0.601,0.2,11.58176944,10.52010724,1.785522788,0.530831099,0.337801609,1.592493298,0.530726257,0.684931507,0,0.088,-3.5,13.4,0.568,-0.3,72
169,2016,Jerian Grant,12.12332016,4.069565217,5.03715415,1.422924901,0.28458498,2.475889328,1265,76,6,0.393861893,0.780487805,0.22,0.03,-3.4,11.2,0.479,-0.5,9.584664537,3.757188498,5.980830671,1.686900958,0.230031949,1.955271565,0.418181818,0.65,0.363636364,0.085,-2,10.8,0.526,0,73
170,2016,Montrezl Harrell,13.29815303,6.17414248,1.614775726,1.044854881,1.044854881,1.614775726,379,39,1,0.644444444,0.52173913,0,0.118,-1.9,14.6,0.635,0,22.70435589,8.924930491,2.702502317,1.184430028,1.835032437,2.202038925,0.614864865,0.642512077,0.176470588,0.193,4.2,23.4,0.636,3.4,83
171,2016,Mario Hezonja,12.17834395,4.484076433,2.777070064,0.993630573,0.433121019,2.47133758,1413,79,9,0.433014354,0.907407407,0.348958333,0.029,-2.8,9.4,0.541,-0.3,15.25373134,7.134328358,2.626865672,1.701492537,0.23880597,2.626865672,0.411637931,0.763157895,0.27631579,-0.003,-4,10.8,0.497,-0.6,75
172,2016,Richaun Holmes,14.71794872,6.923076923,1.692307692,0.974358974,2.051282051,1.641025641,702,51,1,0.513513514,0.689189189,0.181818182,0.103,-0.9,15.9,0.564,0.2,17.39189189,10.06418919,1.824324324,1.277027027,2.402027027,1.581081081,0.608219178,0.731428571,0,0.173,1.4,20.7,0.647,1,75
173,2016,Stanley Johnson,12.65441612,6.529934795,2.518079431,1.173681091,0.256075874,2.432720806,1687,73,6,0.375,0.784313726,0.307317073,0.018,-2.6,8.7,0.46,-0.2,13.41103018,6.555671176,2.247658689,1.798126951,0.486992716,2.060353798,0.381088825,0.803921569,0.281767956,0.034,-2.1,9.8,0.482,0,73
174,2016,Nikola Jokić,16.53548759,11.63300635,3.926139642,1.641084824,1.038661281,2.160415465,1733,80,55,0.511666667,0.810526316,0.333333333,0.185,4.8,21.5,0.582,3,23.06070288,12.43610224,8.338658147,1.552715655,0.790734824,3.565495208,0.510779436,0.821022727,0.307407407,0.226,9.5,26.3,0.589,7.3,90
175,2016,Tyus Jones,9.80104712,2.952879581,6.785340314,1.947643979,0.188481675,2.073298429,573,37,0,0.358974359,0.717948718,0.301886793,0.027,-3.7,11.2,0.45,-0.3,10.8,3.092307692,7.546153846,1.869230769,0.115384615,1.084615385,0.414798206,0.84057971,0.317460318,0.091,-1.8,13.7,0.491,0.1,74
176,2016,Frank Kaminsky,12.77283372,7.06088993,2.06557377,0.800936768,0.906323185,1.222482436,1708,81,3,0.40952381,0.72972973,0.336633663,0.093,-1.2,12.5,0.513,0.3,19.31125828,7.77218543,3.00397351,0.572185431,0.572185431,1.954966887,0.463087248,0.738317757,0.35971223,0.114,-0.9,16.8,0.587,0.2,76
177,2016,Trey Lyles,12.71201158,7.788712012,1.536903039,0.677279305,0.468885673,1.693198263,1382,80,33,0.438073395,0.695121951,0.3828125,0.079,-2.8,11.6,0.517,-0.3,17.55,7.907142857,2.796428571,0.964285714,0.739285714,2.185714286,0.418181818,0.698275862,0.255,0.05,-3.3,12.7,0.5,-0.4,75
178,2016,Boban Marjanović,21.04724409,13.7480315,1.488188976,0.850393701,1.62992126,2.05511811,508,54,4,0.603448276,0.763157895,0,0.325,3.6,27.7,0.662,0.7,23.17021277,14.55319149,2.106382979,1.053191489,1.627659574,3.542553191,0.607142857,0.757894737,0,0.217,1.4,24.9,0.666,0.3,75
179,2016,T.J. McConnell,11.05105853,5.603985056,8.226650062,2.129514321,0.224159402,3.138231631,1606,81,17,0.469827586,0.634146342,0.348314607,0.058,-2.1,14.5,0.511,0,11.82857143,4.26122449,6.318367347,1.934693878,0.416326531,2.228571429,0.525059666,0.783783784,0.333333333,0.094,-1.6,13.4,0.555,0.1,75
180,2016,Salah Mejri,11.33501259,11.15365239,0.906801008,0.725440806,3.264483627,2.085642317,397,34,6,0.628205128,0.586956522,0,0.156,1.1,16.8,0.636,0.3,12.72180451,11.81954887,3.157894737,0.902255639,2.345864662,1.894736842,0.491071429,0.625,0.323529412,0.136,1.9,16.1,0.559,0.4,73
181,2016,Emmanuel Mudiay,15.17988395,4.03868472,6.47582205,1.131528046,0.609284333,3.777562863,2068,68,66,0.363535912,0.669856459,0.318965517,-0.049,-4.3,9.9,0.437,-1.2,19.55693839,4.390790292,5.107654014,0.963285625,0.425637835,3.13627878,0.445945946,0.774193548,0.328571429,0.023,-2.4,14.6,0.531,-0.2,76
182,2016,Larry Nance,9.924170616,8.872037915,1.251184834,1.535545024,0.654028436,1.165876777,1266,63,22,0.526666667,0.680851064,0.1,0.083,-1.4,13.4,0.544,0.2,12.57493036,11.07075209,4.291922006,2.005571031,0.802228412,1.9454039,0.519832985,0.71641791,0.336734694,0.131,4,18.6,0.583,2.7,78
183,2016,Raul Neto,11.43162108,2.881921281,4.178785857,1.488992662,0.048032021,2.617745163,1499,81,53,0.43062201,0.742857143,0.395061728,0.058,-2.3,10.2,0.53,-0.1,14.88607595,4.708860759,7.063291139,1.063291139,0.303797468,2.658227848,0.459627329,0.848484849,0.333333333,0.116,-1.6,13.5,0.558,0,72
184,2016,Jahlil Okafor,20.99811439,8.439974859,1.470773099,0.497800126,1.380263985,2.805782527,1591,53,48,0.508322663,0.68556701,0.166666667,0.037,-4.1,17.1,0.536,-0.8,18.63529412,10.70374332,1.540106952,0.577540107,1.540106952,2.002139037,0.585635359,0.662921348,0.2,0.115,-2.3,17.9,0.603,-0.1,76
185,2016,Kelly Oubre,12.66169896,7.13561848,0.697466468,1.180327869,0.375558867,1.82414307,671,63,9,0.426540284,0.632653061,0.316455696,0.031,-5.8,8.2,0.507,-0.7,20.56271186,5.979661017,1.952542373,1.738983051,1.189830508,2.227118644,0.452513967,0.761006289,0.325242718,0.054,-1.2,16.4,0.555,0.2,78
186,2016,Cameron Payne,14.59598854,4.383954155,5.570200573,1.856733524,0.309455587,2.269340974,698,57,1,0.410071942,0.791666667,0.324324324,0.093,-1.3,12.9,0.49,0.1,11.82089552,3.559701493,5.574626866,1.343283582,0.402985075,2.28358209,0.410714286,0.88,0.271186441,0.014,-4.3,10.3,0.492,-0.3,72
187,2016,Norman Powell,13.55586207,5.511724138,2.333793103,1.44,0.496551724,1.588965517,725,49,24,0.423580786,0.811320755,0.404494382,0.105,-0.4,13.3,0.541,0.3,16.4973357,4.444049734,2.909413854,1.246891652,0.415630551,2.078152753,0.4825,0.826666667,0.4,0.102,-0.7,13.3,0.596,0.4,74
188,2016,Josh Richardson,11.08943089,3.479674797,2.37398374,1.170731707,0.81300813,1.138211382,1107,52,2,0.452205882,0.666666667,0.460869565,0.109,0.6,11.4,0.569,0.7,17.14218196,3.729027176,4.225285545,1.120126034,0.482079559,1.602205593,0.412280702,0.861471862,0.356521739,0.106,0.6,14,0.536,1.7,80
189,2016,Terry Rozier,8.334405145,7.292604502,4.282958199,0.694533762,0.115755627,2.199356913,311,39,0,0.273584906,0.8,0.222222222,-0.047,-6.6,5,0.326,-0.4,14.23115578,6.170854271,4.64321608,1.366834171,0.422110553,1.366834171,0.387387387,0.784946237,0.353115727,0.086,-0.7,12.9,0.501,0.6,78
190,2016,D'Angelo Russell,16.79681275,4.366533865,4.239043825,1.482071713,0.207171315,3.123505976,2259,80,48,0.410041841,0.736842105,0.351351351,0.001,-1.8,13.2,0.507,0.1,25.17647059,4.632352941,8.279411765,1.470588235,0.294117647,3.720588235,0.43441002,0.780487805,0.368503937,0.097,3.4,19.4,0.533,3.3,87
191,2016,Jonathon Simmons,14.65682657,4.250922509,2.568265683,1.062730627,0.221402214,2.346863469,813,55,2,0.504132231,0.75,0.382978723,0.119,-1,11.9,0.586,0.2,12.05680473,4.26035503,4.047337278,0.766863905,0.596449704,2.385798817,0.363636364,0.777777778,0.228915663,-0.01,-5.4,7.4,0.445,-0.7,73
192,2016,Karl-Anthony Towns,20.59687857,11.75789874,2.206318995,0.794822992,1.891130567,2.507803578,2627,82,82,0.54206418,0.810909091,0.340909091,0.151,2.8,22.5,0.59,3.2,26.59332024,13.49469548,3.663654224,0.947740668,1.768172888,3.394891945,0.51826484,0.835555556,0.4,0.197,6.8,26.3,0.622,5.7,89
193,2016,Myles Turner,16.3013899,8.743233358,1.07973665,0.658376006,2.26481346,1.764447696,1367,60,30,0.498113208,0.727272727,0.214285714,0.109,-2.3,15.4,0.531,-0.1,16.71731949,9.021236432,1.95375177,1.019348749,3.380840019,1.698914582,0.487179487,0.736318408,0.387755102,0.144,3.3,18,0.567,2.8,82
194,2016,Justise Winslow,8.096774194,6.5,1.887096774,1.096774194,0.419354839,1.532258065,2232,78,8,0.422077922,0.683760684,0.275862069,0.054,-0.6,8.4,0.489,0.8,15.25267994,6.5237366,5.182235835,1.323124043,0.349157734,2.60949464,0.432576769,0.627737226,0.375,0.067,-0.1,12.8,0.513,1,78
